STN,,,,,,,,,,,,,,,,,,,,,,1,1,2,2,3,3,123,,,,1,1,3,3,2,2,132,,,132,,2,2,1,1,3,3,213,,,213,,,,,,,,,,,,,,,,,,2,2,3,3,1,1,231,,,231,,,,,,,,,,,,,,,,,3,3,1,1,2,2,312,,,312,,,,,,,,,,,,,,,,,,3,3,2,2,1,1,321,,,321
./testimage/test_rice1.png ./testimage/single/test_rice1.png ./testimage/test_chicken1.png ./testimage/single/test_chicken1.png ./testimage/test_croquette1.png ./testimage/single/test_croquette1.png ./testimage/single/compose1.png 0,,,,,,,,,,,,,,,,,,,,,,,,,,,,,,,,,,,,,,,,,,,,,,,,,,,,,,,,,,,,,,,,,,,,,,,,,,,,,,,,,,,,,,,,,,,,,,,,,,,,,,,,,,,,,,,,,,,,,,,,,,,,,,,,,,,,
./testimage/test_rice2.png ./testimage/single/test_rice2.png ./testimage/test_chicken1.png ./testimage/single/test_chicken1.png ./testimage/test_croquette1.png ./testimage/single/test_croquette1.png ./testimage/single/compose2.png 0,,,,,,,,,,,,,,,,,,,,,,,,,,,,,,,,,,,,,,,,,,,,,,,,,,,,,,,,,,,,,,,,,,,,,,,,,,,,,,,,,,,,,,,,,,,,,,,,,,,,,,,,,,,,,,,,,,,,,,,,,,,,,,,,,,,,
./testimage/test_rice3.png ./testimage/single/test_rice3.png ./testimage/test_chicken1.png ./testimage/single/test_chicken1.png ./testimage/test_croquette1.png ./testimage/single/test_croquette1.png ./testimage/single/compose3.png 0,,,,,,,,,,,,,,,,,,,,,,,,,,,,,,,,,,,,,,,,,,,,,,,,,,,,,,,,,,,,,,,,,,,,,,,,,,,,,,,,,,,,,,,,,,,,,,,,,,,,,,,,,,,,,,,,,,,,,,,,,,,,,,,,,,,,
./testimage/test_rice4.png ./testimage/single/test_rice4.png ./testimage/test_chicken1.png ./testimage/single/test_chicken1.png ./testimage/test_croquette1.png ./testimage/single/test_croquette1.png ./testimage/single/compose4.png 0,,,,,,,,,,,,,,,,,,,,,,,,,,,,,,,,,,,,,,,,,,,,,,,,,,,,,,,,,,,,,,,,,,,,,,,,,,,,,,,,,,,,,,,,,,,,,,,,,,,,,,,,,,,,,,,,,,,,,,,,,,,,,,,,,,,,
./testimage/test_rice5.png ./testimage/single/test_rice5.png ./testimage/test_chicken1.png ./testimage/single/test_chicken1.png ./testimage/test_croquette1.png ./testimage/single/test_croquette1.png ./testimage/single/compose5.png 0,,,,,,,,,,,,,,,,,,,,,,,,,,,,,,,,,,,,,,,,,,,,,,,,,,,,,,,,,,,,,,,,,,,,,,,,,,,,,,,,,,,,,,,,,,,,,,,,,,,,,,,,,,,,,,,,,,,,,,,,,,,,,,,,,,,,
./testimage/test_rice1.png ./testimage/single/test_rice1.png ./testimage/test_chicken2.png ./testimage/single/test_chicken2.png ./testimage/test_croquette1.png ./testimage/single/test_croquette1.png ./testimage/single/compose6.png 0,,,,,,,,,,,,,,,,,,,,,,,,,,,,,,,,,,,,,,,,,,,,,,,,,,,,,,,,,,,,,,,,,,,,,,,,,,,,,,,,,,,,,,,,,,,,,,,,,,,,,,,,,,,,,,,,,,,,,,,,,,,,,,,,,,,,
./testimage/test_rice2.png ./testimage/single/test_rice2.png ./testimage/test_chicken2.png ./testimage/single/test_chicken2.png ./testimage/test_croquette1.png ./testimage/single/test_croquette1.png ./testimage/single/compose7.png 0,,,,,,,,,,,,,,,,,,,,,,,,,,,,,,,,,,,,,,,,,,,,,,,,,,,,,,,,,,,,,,,,,,,,,,,,,,,,,,,,,,,,,,,,,,,,,,,,,,,,,,,,,,,,,,,,,,,,,,,,,,,,,,,,,,,,
./testimage/test_rice3.png ./testimage/single/test_rice3.png ./testimage/test_chicken2.png ./testimage/single/test_chicken2.png ./testimage/test_croquette1.png ./testimage/single/test_croquette1.png ./testimage/single/compose8.png 0,,,,,,,,,,,,,,,,,,,,,,,,,,,,,,,,,,,,,,,,,,,,,,,,,,,,,,,,,,,,,,,,,,,,,,,,,,,,,,,,,,,,,,,,,,,,,,,,,,,,,,,,,,,,,,,,,,,,,,,,,,,,,,,,,,,,
./testimage/test_rice4.png ./testimage/single/test_rice4.png ./testimage/test_chicken2.png ./testimage/single/test_chicken2.png ./testimage/test_croquette1.png ./testimage/single/test_croquette1.png ./testimage/single/compose9.png 0,,,,,,,,,,,,,,,,,,,,,,,,,,,,,,,,,,,,,,,,,,,,,,,,,,,,,,,,,,,,,,,,,,,,,,,,,,,,,,,,,,,,,,,,,,,,,,,,,,,,,,,,,,,,,,,,,,,,,,,,,,,,,,,,,,,,
./testimage/test_rice5.png ./testimage/single/test_rice5.png ./testimage/test_chicken2.png ./testimage/single/test_chicken2.png ./testimage/test_croquette1.png ./testimage/single/test_croquette1.png ./testimage/single/compose10.png 0,,,,,,,,,,,,,,,,,,,,,,,,,,,,,,,,,,,,,,,,,,,,,,,,,,,,,,,,,,,,,,,,,,,,,,,,,,,,,,,,,,,,,,,,,,,,,,,,,,,,,,,,,,,,,,,,,,,,,,,,,,,,,,,,,,,,
./testimage/test_rice1.png ./testimage/single/test_rice1.png ./testimage/test_chicken3.png ./testimage/single/test_chicken3.png ./testimage/test_croquette1.png ./testimage/single/test_croquette1.png ./testimage/single/compose11.png 0,,,,,,,,,,,,,,,,,,,,,,,,,,,,,,,,,,,,,,,,,,,,,,,,,,,,,,,,,,,,,,,,,,,,,,,,,,,,,,,,,,,,,,,,,,,,,,,,,,,,,,,,,,,,,,,,,,,,,,,,,,,,,,,,,,,,
./testimage/test_rice2.png ./testimage/single/test_rice2.png ./testimage/test_chicken3.png ./testimage/single/test_chicken3.png ./testimage/test_croquette1.png ./testimage/single/test_croquette1.png ./testimage/single/compose12.png 0,,,,,,,,,,,,,,,,,,,,,,,,,,,,,,,,,,,,,,,,,,,,,,,,,,,,,,,,,,,,,,,,,,,,,,,,,,,,,,,,,,,,,,,,,,,,,,,,,,,,,,,,,,,,,,,,,,,,,,,,,,,,,,,,,,,,
./testimage/test_rice3.png ./testimage/single/test_rice3.png ./testimage/test_chicken3.png ./testimage/single/test_chicken3.png ./testimage/test_croquette1.png ./testimage/single/test_croquette1.png ./testimage/single/compose13.png 0,,,,,,,,,,,,,,,,,,,,,,,,,,,,,,,,,,,,,,,,,,,,,,,,,,,,,,,,,,,,,,,,,,,,,,,,,,,,,,,,,,,,,,,,,,,,,,,,,,,,,,,,,,,,,,,,,,,,,,,,,,,,,,,,,,,,
./testimage/test_rice4.png ./testimage/single/test_rice4.png ./testimage/test_chicken3.png ./testimage/single/test_chicken3.png ./testimage/test_croquette1.png ./testimage/single/test_croquette1.png ./testimage/single/compose14.png 0,,,,,,,,,,,,,,,,,,,,,,,,,,,,,,,,,,,,,,,,,,,,,,,,,,,,,,,,,,,,,,,,,,,,,,,,,,,,,,,,,,,,,,,,,,,,,,,,,,,,,,,,,,,,,,,,,,,,,,,,,,,,,,,,,,,,
./testimage/test_rice5.png ./testimage/single/test_rice5.png ./testimage/test_chicken3.png ./testimage/single/test_chicken3.png ./testimage/test_croquette1.png ./testimage/single/test_croquette1.png ./testimage/single/compose15.png 0,,,,,,,,,,,,,,,,,,,,,,,,,,,,,,,,,,,,,,,,,,,,,,,,,,,,,,,,,,,,,,,,,,,,,,,,,,,,,,,,,,,,,,,,,,,,,,,,,,,,,,,,,,,,,,,,,,,,,,,,,,,,,,,,,,,,
./testimage/test_rice1.png ./testimage/single/test_rice1.png ./testimage/test_chicken4.png ./testimage/single/test_chicken4.png ./testimage/test_croquette1.png ./testimage/single/test_croquette1.png ./testimage/single/compose16.png 0,,,,,,,,,,,,,,,,,,,,,,,,,,,,,,,,,,,,,,,,,,,,,,,,,,,,,,,,,,,,,,,,,,,,,,,,,,,,,,,,,,,,,,,,,,,,,,,,,,,,,,,,,,,,,,,,,,,,,,,,,,,,,,,,,,,,
./testimage/test_rice2.png ./testimage/single/test_rice2.png ./testimage/test_chicken4.png ./testimage/single/test_chicken4.png ./testimage/test_croquette1.png ./testimage/single/test_croquette1.png ./testimage/single/compose17.png 0,,,,,,,,,,,,,,,,,,,,,,,,,,,,,,,,,,,,,,,,,,,,,,,,,,,,,,,,,,,,,,,,,,,,,,,,,,,,,,,,,,,,,,,,,,,,,,,,,,,,,,,,,,,,,,,,,,,,,,,,,,,,,,,,,,,,
./testimage/test_rice3.png ./testimage/single/test_rice3.png ./testimage/test_chicken4.png ./testimage/single/test_chicken4.png ./testimage/test_croquette1.png ./testimage/single/test_croquette1.png ./testimage/single/compose18.png 0,,,,,,,,,,,,,,,,,,,,,,,,,,,,,,,,,,,,,,,,,,,,,,,,,,,,,,,,,,,,,,,,,,,,,,,,,,,,,,,,,,,,,,,,,,,,,,,,,,,,,,,,,,,,,,,,,,,,,,,,,,,,,,,,,,,,
./testimage/test_rice4.png ./testimage/single/test_rice4.png ./testimage/test_chicken4.png ./testimage/single/test_chicken4.png ./testimage/test_croquette1.png ./testimage/single/test_croquette1.png ./testimage/single/compose19.png 0,,,,,,,,,,,,,,,,,,,,,,,,,,,,,,,,,,,,,,,,,,,,,,,,,,,,,,,,,,,,,,,,,,,,,,,,,,,,,,,,,,,,,,,,,,,,,,,,,,,,,,,,,,,,,,,,,,,,,,,,,,,,,,,,,,,,
./testimage/test_rice5.png ./testimage/single/test_rice5.png ./testimage/test_chicken4.png ./testimage/single/test_chicken4.png ./testimage/test_croquette1.png ./testimage/single/test_croquette1.png ./testimage/single/compose20.png 0,,,,,,,,,,,,,,,,,,,,,,,,,,,,,,,,,,,,,,,,,,,,,,,,,,,,,,,,,,,,,,,,,,,,,,,,,,,,,,,,,,,,,,,,,,,,,,,,,,,,,,,,,,,,,,,,,,,,,,,,,,,,,,,,,,,,
./testimage/test_rice1.png ./testimage/single/test_rice1.png ./testimage/test_chicken5.png ./testimage/single/test_chicken5.png ./testimage/test_croquette1.png ./testimage/single/test_croquette1.png ./testimage/single/compose21.png 0,,,,,,,,,,,,,,,,,,,,,,,,,,,,,,,,,,,,,,,,,,,,,,,,,,,,,,,,,,,,,,,,,,,,,,,,,,,,,,,,,,,,,,,,,,,,,,,,,,,,,,,,,,,,,,,,,,,,,,,,,,,,,,,,,,,,
./testimage/test_rice2.png ./testimage/single/test_rice2.png ./testimage/test_chicken5.png ./testimage/single/test_chicken5.png ./testimage/test_croquette1.png ./testimage/single/test_croquette1.png ./testimage/single/compose22.png 0,,,,,,,,,,,,,,,,,,,,,,,,,,,,,,,,,,,,,,,,,,,,,,,,,,,,,,,,,,,,,,,,,,,,,,,,,,,,,,,,,,,,,,,,,,,,,,,,,,,,,,,,,,,,,,,,,,,,,,,,,,,,,,,,,,,,
./testimage/test_rice3.png ./testimage/single/test_rice3.png ./testimage/test_chicken5.png ./testimage/single/test_chicken5.png ./testimage/test_croquette1.png ./testimage/single/test_croquette1.png ./testimage/single/compose23.png 0,,,,,,,,,,,,,,,,,,,,,,,,,,,,,,,,,,,,,,,,,,,,,,,,,,,,,,,,,,,,,,,,,,,,,,,,,,,,,,,,,,,,,,,,,,,,,,,,,,,,,,,,,,,,,,,,,,,,,,,,,,,,,,,,,,,,
./testimage/test_rice4.png ./testimage/single/test_rice4.png ./testimage/test_chicken5.png ./testimage/single/test_chicken5.png ./testimage/test_croquette1.png ./testimage/single/test_croquette1.png ./testimage/single/compose24.png 0,,,,,,,,,,,,,,,,,,,,,,,,,,,,,,,,,,,,,,,,,,,,,,,,,,,,,,,,,,,,,,,,,,,,,,,,,,,,,,,,,,,,,,,,,,,,,,,,,,,,,,,,,,,,,,,,,,,,,,,,,,,,,,,,,,,,
./testimage/test_rice5.png ./testimage/single/test_rice5.png ./testimage/test_chicken5.png ./testimage/single/test_chicken5.png ./testimage/test_croquette1.png ./testimage/single/test_croquette1.png ./testimage/single/compose25.png 0,,,,,,,,,,,,,,,,,,,,,,,,,,,,,,,,,,,,,,,,,,,,,,,,,,,,,,,,,,,,,,,,,,,,,,,,,,,,,,,,,,,,,,,,,,,,,,,,,,,,,,,,,,,,,,,,,,,,,,,,,,,,,,,,,,,,
./testimage/test_rice1.png ./testimage/single/test_rice1.png ./testimage/test_chicken1.png ./testimage/single/test_chicken1.png ./testimage/test_croquette2.png ./testimage/single/test_croquette2.png ./testimage/single/compose26.png 0,,,,,,,,,,,,,,,,,,,,,,,,,,,,,,,,,,,,,,,,,,,,,,,,,,,,,,,,,,,,,,,,,,,,,,,,,,,,,,,,,,,,,,,,,,,,,,,,,,,,,,,,,,,,,,,,,,,,,,,,,,,,,,,,,,,,
./testimage/test_rice2.png ./testimage/single/test_rice2.png ./testimage/test_chicken1.png ./testimage/single/test_chicken1.png ./testimage/test_croquette2.png ./testimage/single/test_croquette2.png ./testimage/single/compose27.png 0,,,,,,,,,,,,,,,,,,,,,,,,,,,,,,,,,,,,,,,,,,,,,,,,,,,,,,,,,,,,,,,,,,,,,,,,,,,,,,,,,,,,,,,,,,,,,,,,,,,,,,,,,,,,,,,,,,,,,,,,,,,,,,,,,,,,
./testimage/test_rice3.png ./testimage/single/test_rice3.png ./testimage/test_chicken1.png ./testimage/single/test_chicken1.png ./testimage/test_croquette2.png ./testimage/single/test_croquette2.png ./testimage/single/compose28.png 0,,,,,,,,,,,,,,,,,,,,,,,,,,,,,,,,,,,,,,,,,,,,,,,,,,,,,,,,,,,,,,,,,,,,,,,,,,,,,,,,,,,,,,,,,,,,,,,,,,,,,,,,,,,,,,,,,,,,,,,,,,,,,,,,,,,,
./testimage/test_rice4.png ./testimage/single/test_rice4.png ./testimage/test_chicken1.png ./testimage/single/test_chicken1.png ./testimage/test_croquette2.png ./testimage/single/test_croquette2.png ./testimage/single/compose29.png 0,,,,,,,,,,,,,,,,,,,,,,,,,,,,,,,,,,,,,,,,,,,,,,,,,,,,,,,,,,,,,,,,,,,,,,,,,,,,,,,,,,,,,,,,,,,,,,,,,,,,,,,,,,,,,,,,,,,,,,,,,,,,,,,,,,,,
./testimage/test_rice5.png ./testimage/single/test_rice5.png ./testimage/test_chicken1.png ./testimage/single/test_chicken1.png ./testimage/test_croquette2.png ./testimage/single/test_croquette2.png ./testimage/single/compose30.png 0,,,,,,,,,,,,,,,,,,,,,,,,,,,,,,,,,,,,,,,,,,,,,,,,,,,,,,,,,,,,,,,,,,,,,,,,,,,,,,,,,,,,,,,,,,,,,,,,,,,,,,,,,,,,,,,,,,,,,,,,,,,,,,,,,,,,
./testimage/test_rice1.png ./testimage/single/test_rice1.png ./testimage/test_chicken2.png ./testimage/single/test_chicken2.png ./testimage/test_croquette2.png ./testimage/single/test_croquette2.png ./testimage/single/compose31.png 0,,,,,,,,,,,,,,,,,,,,,,,,,,,,,,,,,,,,,,,,,,,,,,,,,,,,,,,,,,,,,,,,,,,,,,,,,,,,,,,,,,,,,,,,,,,,,,,,,,,,,,,,,,,,,,,,,,,,,,,,,,,,,,,,,,,,
./testimage/test_rice2.png ./testimage/single/test_rice2.png ./testimage/test_chicken2.png ./testimage/single/test_chicken2.png ./testimage/test_croquette2.png ./testimage/single/test_croquette2.png ./testimage/single/compose32.png 0,,,,,,,,,,,,,,,,,,,,,,,,,,,,,,,,,,,,,,,,,,,,,,,,,,,,,,,,,,,,,,,,,,,,,,,,,,,,,,,,,,,,,,,,,,,,,,,,,,,,,,,,,,,,,,,,,,,,,,,,,,,,,,,,,,,,
./testimage/test_rice3.png ./testimage/single/test_rice3.png ./testimage/test_chicken2.png ./testimage/single/test_chicken2.png ./testimage/test_croquette2.png ./testimage/single/test_croquette2.png ./testimage/single/compose33.png 0,,,,,,,,,,,,,,,,,,,,,,,,,,,,,,,,,,,,,,,,,,,,,,,,,,,,,,,,,,,,,,,,,,,,,,,,,,,,,,,,,,,,,,,,,,,,,,,,,,,,,,,,,,,,,,,,,,,,,,,,,,,,,,,,,,,,
./testimage/test_rice4.png ./testimage/single/test_rice4.png ./testimage/test_chicken2.png ./testimage/single/test_chicken2.png ./testimage/test_croquette2.png ./testimage/single/test_croquette2.png ./testimage/single/compose34.png 0,,,,,,,,,,,,,,,,,,,,,,,,,,,,,,,,,,,,,,,,,,,,,,,,,,,,,,,,,,,,,,,,,,,,,,,,,,,,,,,,,,,,,,,,,,,,,,,,,,,,,,,,,,,,,,,,,,,,,,,,,,,,,,,,,,,,
./testimage/test_rice5.png ./testimage/single/test_rice5.png ./testimage/test_chicken2.png ./testimage/single/test_chicken2.png ./testimage/test_croquette2.png ./testimage/single/test_croquette2.png ./testimage/single/compose35.png 0,,,,,,,,,,,,,,,,,,,,,,,,,,,,,,,,,,,,,,,,,,,,,,,,,,,,,,,,,,,,,,,,,,,,,,,,,,,,,,,,,,,,,,,,,,,,,,,,,,,,,,,,,,,,,,,,,,,,,,,,,,,,,,,,,,,,
./testimage/test_rice1.png ./testimage/single/test_rice1.png ./testimage/test_chicken3.png ./testimage/single/test_chicken3.png ./testimage/test_croquette2.png ./testimage/single/test_croquette2.png ./testimage/single/compose36.png 0,,,,,,,,,,,,,,,,,,,,,,,,,,,,,,,,,,,,,,,,,,,,,,,,,,,,,,,,,,,,,,,,,,,,,,,,,,,,,,,,,,,,,,,,,,,,,,,,,,,,,,,,,,,,,,,,,,,,,,,,,,,,,,,,,,,,
./testimage/test_rice2.png ./testimage/single/test_rice2.png ./testimage/test_chicken3.png ./testimage/single/test_chicken3.png ./testimage/test_croquette2.png ./testimage/single/test_croquette2.png ./testimage/single/compose37.png 0,,,,,,,,,,,,,,,,,,,,,,,,,,,,,,,,,,,,,,,,,,,,,,,,,,,,,,,,,,,,,,,,,,,,,,,,,,,,,,,,,,,,,,,,,,,,,,,,,,,,,,,,,,,,,,,,,,,,,,,,,,,,,,,,,,,,
./testimage/test_rice3.png ./testimage/single/test_rice3.png ./testimage/test_chicken3.png ./testimage/single/test_chicken3.png ./testimage/test_croquette2.png ./testimage/single/test_croquette2.png ./testimage/single/compose38.png 0,,,,,,,,,,,,,,,,,,,,,,,,,,,,,,,,,,,,,,,,,,,,,,,,,,,,,,,,,,,,,,,,,,,,,,,,,,,,,,,,,,,,,,,,,,,,,,,,,,,,,,,,,,,,,,,,,,,,,,,,,,,,,,,,,,,,
./testimage/test_rice4.png ./testimage/single/test_rice4.png ./testimage/test_chicken3.png ./testimage/single/test_chicken3.png ./testimage/test_croquette2.png ./testimage/single/test_croquette2.png ./testimage/single/compose39.png 0,,,,,,,,,,,,,,,,,,,,,,,,,,,,,,,,,,,,,,,,,,,,,,,,,,,,,,,,,,,,,,,,,,,,,,,,,,,,,,,,,,,,,,,,,,,,,,,,,,,,,,,,,,,,,,,,,,,,,,,,,,,,,,,,,,,,
./testimage/test_rice5.png ./testimage/single/test_rice5.png ./testimage/test_chicken3.png ./testimage/single/test_chicken3.png ./testimage/test_croquette2.png ./testimage/single/test_croquette2.png ./testimage/single/compose40.png 0,,,,,,,,,,,,,,,,,,,,,,,,,,,,,,,,,,,,,,,,,,,,,,,,,,,,,,,,,,,,,,,,,,,,,,,,,,,,,,,,,,,,,,,,,,,,,,,,,,,,,,,,,,,,,,,,,,,,,,,,,,,,,,,,,,,,
./testimage/test_rice1.png ./testimage/single/test_rice1.png ./testimage/test_chicken4.png ./testimage/single/test_chicken4.png ./testimage/test_croquette2.png ./testimage/single/test_croquette2.png ./testimage/single/compose41.png 0,,,,,,,,,,,,,,,,,,,,,,,,,,,,,,,,,,,,,,,,,,,,,,,,,,,,,,,,,,,,,,,,,,,,,,,,,,,,,,,,,,,,,,,,,,,,,,,,,,,,,,,,,,,,,,,,,,,,,,,,,,,,,,,,,,,,
./testimage/test_rice2.png ./testimage/single/test_rice2.png ./testimage/test_chicken4.png ./testimage/single/test_chicken4.png ./testimage/test_croquette2.png ./testimage/single/test_croquette2.png ./testimage/single/compose42.png 0,,,,,,,,,,,,,,,,,,,,,,,,,,,,,,,,,,,,,,,,,,,,,,,,,,,,,,,,,,,,,,,,,,,,,,,,,,,,,,,,,,,,,,,,,,,,,,,,,,,,,,,,,,,,,,,,,,,,,,,,,,,,,,,,,,,,
./testimage/test_rice3.png ./testimage/single/test_rice3.png ./testimage/test_chicken4.png ./testimage/single/test_chicken4.png ./testimage/test_croquette2.png ./testimage/single/test_croquette2.png ./testimage/single/compose43.png 0,,,,,,,,,,,,,,,,,,,,,,,,,,,,,,,,,,,,,,,,,,,,,,,,,,,,,,,,,,,,,,,,,,,,,,,,,,,,,,,,,,,,,,,,,,,,,,,,,,,,,,,,,,,,,,,,,,,,,,,,,,,,,,,,,,,,
./testimage/test_rice4.png ./testimage/single/test_rice4.png ./testimage/test_chicken4.png ./testimage/single/test_chicken4.png ./testimage/test_croquette2.png ./testimage/single/test_croquette2.png ./testimage/single/compose44.png 0,,,,,,,,,,,,,,,,,,,,,,,,,,,,,,,,,,,,,,,,,,,,,,,,,,,,,,,,,,,,,,,,,,,,,,,,,,,,,,,,,,,,,,,,,,,,,,,,,,,,,,,,,,,,,,,,,,,,,,,,,,,,,,,,,,,,
./testimage/test_rice5.png ./testimage/single/test_rice5.png ./testimage/test_chicken4.png ./testimage/single/test_chicken4.png ./testimage/test_croquette2.png ./testimage/single/test_croquette2.png ./testimage/single/compose45.png 0,,,,,,,,,,,,,,,,,,,,,,,,,,,,,,,,,,,,,,,,,,,,,,,,,,,,,,,,,,,,,,,,,,,,,,,,,,,,,,,,,,,,,,,,,,,,,,,,,,,,,,,,,,,,,,,,,,,,,,,,,,,,,,,,,,,,
./testimage/test_rice1.png ./testimage/single/test_rice1.png ./testimage/test_chicken5.png ./testimage/single/test_chicken5.png ./testimage/test_croquette2.png ./testimage/single/test_croquette2.png ./testimage/single/compose46.png 0,,,,,,,,,,,,,,,,,,,,,,,,,,,,,,,,,,,,,,,,,,,,,,,,,,,,,,,,,,,,,,,,,,,,,,,,,,,,,,,,,,,,,,,,,,,,,,,,,,,,,,,,,,,,,,,,,,,,,,,,,,,,,,,,,,,,
./testimage/test_rice2.png ./testimage/single/test_rice2.png ./testimage/test_chicken5.png ./testimage/single/test_chicken5.png ./testimage/test_croquette2.png ./testimage/single/test_croquette2.png ./testimage/single/compose47.png 0,,,,,,,,,,,,,,,,,,,,,,,,,,,,,,,,,,,,,,,,,,,,,,,,,,,,,,,,,,,,,,,,,,,,,,,,,,,,,,,,,,,,,,,,,,,,,,,,,,,,,,,,,,,,,,,,,,,,,,,,,,,,,,,,,,,,
./testimage/test_rice3.png ./testimage/single/test_rice3.png ./testimage/test_chicken5.png ./testimage/single/test_chicken5.png ./testimage/test_croquette2.png ./testimage/single/test_croquette2.png ./testimage/single/compose48.png 0,,,,,,,,,,,,,,,,,,,,,,,,,,,,,,,,,,,,,,,,,,,,,,,,,,,,,,,,,,,,,,,,,,,,,,,,,,,,,,,,,,,,,,,,,,,,,,,,,,,,,,,,,,,,,,,,,,,,,,,,,,,,,,,,,,,,
./testimage/test_rice4.png ./testimage/single/test_rice4.png ./testimage/test_chicken5.png ./testimage/single/test_chicken5.png ./testimage/test_croquette2.png ./testimage/single/test_croquette2.png ./testimage/single/compose49.png 0,,,,,,,,,,,,,,,,,,,,,,,,,,,,,,,,,,,,,,,,,,,,,,,,,,,,,,,,,,,,,,,,,,,,,,,,,,,,,,,,,,,,,,,,,,,,,,,,,,,,,,,,,,,,,,,,,,,,,,,,,,,,,,,,,,,,
./testimage/test_rice5.png ./testimage/single/test_rice5.png ./testimage/test_chicken5.png ./testimage/single/test_chicken5.png ./testimage/test_croquette2.png ./testimage/single/test_croquette2.png ./testimage/single/compose50.png 0,,,,,,,,,,,,,,,,,,,,,,,,,,,,,,,,,,,,,,,,,,,,,,,,,,,,,,,,,,,,,,,,,,,,,,,,,,,,,,,,,,,,,,,,,,,,,,,,,,,,,,,,,,,,,,,,,,,,,,,,,,,,,,,,,,,,
./testimage/test_rice1.png ./testimage/single/test_rice1.png ./testimage/test_chicken1.png ./testimage/single/test_chicken1.png ./testimage/test_croquette3.png ./testimage/single/test_croquette3.png ./testimage/single/compose51.png 0,,,,,,,,,,,,,,,,,,,,,,,,,,,,,,,,,,,,,,,,,,,,,,,,,,,,,,,,,,,,,,,,,,,,,,,,,,,,,,,,,,,,,,,,,,,,,,,,,,,,,,,,,,,,,,,,,,,,,,,,,,,,,,,,,,,,
./testimage/test_rice2.png ./testimage/single/test_rice2.png ./testimage/test_chicken1.png ./testimage/single/test_chicken1.png ./testimage/test_croquette3.png ./testimage/single/test_croquette3.png ./testimage/single/compose52.png 0,,,,,,,,,,,,,,,,,,,,,,,,,,,,,,,,,,,,,,,,,,,,,,,,,,,,,,,,,,,,,,,,,,,,,,,,,,,,,,,,,,,,,,,,,,,,,,,,,,,,,,,,,,,,,,,,,,,,,,,,,,,,,,,,,,,,
./testimage/test_rice3.png ./testimage/single/test_rice3.png ./testimage/test_chicken1.png ./testimage/single/test_chicken1.png ./testimage/test_croquette3.png ./testimage/single/test_croquette3.png ./testimage/single/compose53.png 0,,,,,,,,,,,,,,,,,,,,,,,,,,,,,,,,,,,,,,,,,,,,,,,,,,,,,,,,,,,,,,,,,,,,,,,,,,,,,,,,,,,,,,,,,,,,,,,,,,,,,,,,,,,,,,,,,,,,,,,,,,,,,,,,,,,,
./testimage/test_rice4.png ./testimage/single/test_rice4.png ./testimage/test_chicken1.png ./testimage/single/test_chicken1.png ./testimage/test_croquette3.png ./testimage/single/test_croquette3.png ./testimage/single/compose54.png 0,,,,,,,,,,,,,,,,,,,,,,,,,,,,,,,,,,,,,,,,,,,,,,,,,,,,,,,,,,,,,,,,,,,,,,,,,,,,,,,,,,,,,,,,,,,,,,,,,,,,,,,,,,,,,,,,,,,,,,,,,,,,,,,,,,,,
./testimage/test_rice5.png ./testimage/single/test_rice5.png ./testimage/test_chicken1.png ./testimage/single/test_chicken1.png ./testimage/test_croquette3.png ./testimage/single/test_croquette3.png ./testimage/single/compose55.png 0,,,,,,,,,,,,,,,,,,,,,,,,,,,,,,,,,,,,,,,,,,,,,,,,,,,,,,,,,,,,,,,,,,,,,,,,,,,,,,,,,,,,,,,,,,,,,,,,,,,,,,,,,,,,,,,,,,,,,,,,,,,,,,,,,,,,
./testimage/test_rice1.png ./testimage/single/test_rice1.png ./testimage/test_chicken2.png ./testimage/single/test_chicken2.png ./testimage/test_croquette3.png ./testimage/single/test_croquette3.png ./testimage/single/compose56.png 0,,,,,,,,,,,,,,,,,,,,,,,,,,,,,,,,,,,,,,,,,,,,,,,,,,,,,,,,,,,,,,,,,,,,,,,,,,,,,,,,,,,,,,,,,,,,,,,,,,,,,,,,,,,,,,,,,,,,,,,,,,,,,,,,,,,,
./testimage/test_rice2.png ./testimage/single/test_rice2.png ./testimage/test_chicken2.png ./testimage/single/test_chicken2.png ./testimage/test_croquette3.png ./testimage/single/test_croquette3.png ./testimage/single/compose57.png 0,,,,,,,,,,,,,,,,,,,,,,,,,,,,,,,,,,,,,,,,,,,,,,,,,,,,,,,,,,,,,,,,,,,,,,,,,,,,,,,,,,,,,,,,,,,,,,,,,,,,,,,,,,,,,,,,,,,,,,,,,,,,,,,,,,,,
./testimage/test_rice3.png ./testimage/single/test_rice3.png ./testimage/test_chicken2.png ./testimage/single/test_chicken2.png ./testimage/test_croquette3.png ./testimage/single/test_croquette3.png ./testimage/single/compose58.png 0,,,,,,,,,,,,,,,,,,,,,,,,,,,,,,,,,,,,,,,,,,,,,,,,,,,,,,,,,,,,,,,,,,,,,,,,,,,,,,,,,,,,,,,,,,,,,,,,,,,,,,,,,,,,,,,,,,,,,,,,,,,,,,,,,,,,
./testimage/test_rice4.png ./testimage/single/test_rice4.png ./testimage/test_chicken2.png ./testimage/single/test_chicken2.png ./testimage/test_croquette3.png ./testimage/single/test_croquette3.png ./testimage/single/compose59.png 0,,,,,,,,,,,,,,,,,,,,,,,,,,,,,,,,,,,,,,,,,,,,,,,,,,,,,,,,,,,,,,,,,,,,,,,,,,,,,,,,,,,,,,,,,,,,,,,,,,,,,,,,,,,,,,,,,,,,,,,,,,,,,,,,,,,,
./testimage/test_rice5.png ./testimage/single/test_rice5.png ./testimage/test_chicken2.png ./testimage/single/test_chicken2.png ./testimage/test_croquette3.png ./testimage/single/test_croquette3.png ./testimage/single/compose60.png 0,,,,,,,,,,,,,,,,,,,,,,,,,,,,,,,,,,,,,,,,,,,,,,,,,,,,,,,,,,,,,,,,,,,,,,,,,,,,,,,,,,,,,,,,,,,,,,,,,,,,,,,,,,,,,,,,,,,,,,,,,,,,,,,,,,,,
./testimage/test_rice1.png ./testimage/single/test_rice1.png ./testimage/test_chicken3.png ./testimage/single/test_chicken3.png ./testimage/test_croquette3.png ./testimage/single/test_croquette3.png ./testimage/single/compose61.png 0,,,,,,,,,,,,,,,,,,,,,,,,,,,,,,,,,,,,,,,,,,,,,,,,,,,,,,,,,,,,,,,,,,,,,,,,,,,,,,,,,,,,,,,,,,,,,,,,,,,,,,,,,,,,,,,,,,,,,,,,,,,,,,,,,,,,
./testimage/test_rice2.png ./testimage/single/test_rice2.png ./testimage/test_chicken3.png ./testimage/single/test_chicken3.png ./testimage/test_croquette3.png ./testimage/single/test_croquette3.png ./testimage/single/compose62.png 0,,,,,,,,,,,,,,,,,,,,,,,,,,,,,,,,,,,,,,,,,,,,,,,,,,,,,,,,,,,,,,,,,,,,,,,,,,,,,,,,,,,,,,,,,,,,,,,,,,,,,,,,,,,,,,,,,,,,,,,,,,,,,,,,,,,,
./testimage/test_rice3.png ./testimage/single/test_rice3.png ./testimage/test_chicken3.png ./testimage/single/test_chicken3.png ./testimage/test_croquette3.png ./testimage/single/test_croquette3.png ./testimage/single/compose63.png 0,,,,,,,,,,,,,,,,,,,,,,,,,,,,,,,,,,,,,,,,,,,,,,,,,,,,,,,,,,,,,,,,,,,,,,,,,,,,,,,,,,,,,,,,,,,,,,,,,,,,,,,,,,,,,,,,,,,,,,,,,,,,,,,,,,,,
./testimage/test_rice4.png ./testimage/single/test_rice4.png ./testimage/test_chicken3.png ./testimage/single/test_chicken3.png ./testimage/test_croquette3.png ./testimage/single/test_croquette3.png ./testimage/single/compose64.png 0,,,,,,,,,,,,,,,,,,,,,,,,,,,,,,,,,,,,,,,,,,,,,,,,,,,,,,,,,,,,,,,,,,,,,,,,,,,,,,,,,,,,,,,,,,,,,,,,,,,,,,,,,,,,,,,,,,,,,,,,,,,,,,,,,,,,
./testimage/test_rice5.png ./testimage/single/test_rice5.png ./testimage/test_chicken3.png ./testimage/single/test_chicken3.png ./testimage/test_croquette3.png ./testimage/single/test_croquette3.png ./testimage/single/compose65.png 0,,,,,,,,,,,,,,,,,,,,,,,,,,,,,,,,,,,,,,,,,,,,,,,,,,,,,,,,,,,,,,,,,,,,,,,,,,,,,,,,,,,,,,,,,,,,,,,,,,,,,,,,,,,,,,,,,,,,,,,,,,,,,,,,,,,,
./testimage/test_rice1.png ./testimage/single/test_rice1.png ./testimage/test_chicken4.png ./testimage/single/test_chicken4.png ./testimage/test_croquette3.png ./testimage/single/test_croquette3.png ./testimage/single/compose66.png 0,,,,,,,,,,,,,,,,,,,,,,,,,,,,,,,,,,,,,,,,,,,,,,,,,,,,,,,,,,,,,,,,,,,,,,,,,,,,,,,,,,,,,,,,,,,,,,,,,,,,,,,,,,,,,,,,,,,,,,,,,,,,,,,,,,,,
./testimage/test_rice2.png ./testimage/single/test_rice2.png ./testimage/test_chicken4.png ./testimage/single/test_chicken4.png ./testimage/test_croquette3.png ./testimage/single/test_croquette3.png ./testimage/single/compose67.png 0,,,,,,,,,,,,,,,,,,,,,,,,,,,,,,,,,,,,,,,,,,,,,,,,,,,,,,,,,,,,,,,,,,,,,,,,,,,,,,,,,,,,,,,,,,,,,,,,,,,,,,,,,,,,,,,,,,,,,,,,,,,,,,,,,,,,
./testimage/test_rice3.png ./testimage/single/test_rice3.png ./testimage/test_chicken4.png ./testimage/single/test_chicken4.png ./testimage/test_croquette3.png ./testimage/single/test_croquette3.png ./testimage/single/compose68.png 0,,,,,,,,,,,,,,,,,,,,,,,,,,,,,,,,,,,,,,,,,,,,,,,,,,,,,,,,,,,,,,,,,,,,,,,,,,,,,,,,,,,,,,,,,,,,,,,,,,,,,,,,,,,,,,,,,,,,,,,,,,,,,,,,,,,,
./testimage/test_rice4.png ./testimage/single/test_rice4.png ./testimage/test_chicken4.png ./testimage/single/test_chicken4.png ./testimage/test_croquette3.png ./testimage/single/test_croquette3.png ./testimage/single/compose69.png 0,,,,,,,,,,,,,,,,,,,,,,,,,,,,,,,,,,,,,,,,,,,,,,,,,,,,,,,,,,,,,,,,,,,,,,,,,,,,,,,,,,,,,,,,,,,,,,,,,,,,,,,,,,,,,,,,,,,,,,,,,,,,,,,,,,,,
./testimage/test_rice5.png ./testimage/single/test_rice5.png ./testimage/test_chicken4.png ./testimage/single/test_chicken4.png ./testimage/test_croquette3.png ./testimage/single/test_croquette3.png ./testimage/single/compose70.png 0,,,,,,,,,,,,,,,,,,,,,,,,,,,,,,,,,,,,,,,,,,,,,,,,,,,,,,,,,,,,,,,,,,,,,,,,,,,,,,,,,,,,,,,,,,,,,,,,,,,,,,,,,,,,,,,,,,,,,,,,,,,,,,,,,,,,
./testimage/test_rice1.png ./testimage/single/test_rice1.png ./testimage/test_chicken5.png ./testimage/single/test_chicken5.png ./testimage/test_croquette3.png ./testimage/single/test_croquette3.png ./testimage/single/compose71.png 0,,,,,,,,,,,,,,,,,,,,,,,,,,,,,,,,,,,,,,,,,,,,,,,,,,,,,,,,,,,,,,,,,,,,,,,,,,,,,,,,,,,,,,,,,,,,,,,,,,,,,,,,,,,,,,,,,,,,,,,,,,,,,,,,,,,,
./testimage/test_rice2.png ./testimage/single/test_rice2.png ./testimage/test_chicken5.png ./testimage/single/test_chicken5.png ./testimage/test_croquette3.png ./testimage/single/test_croquette3.png ./testimage/single/compose72.png 0,,,,,,,,,,,,,,,,,,,,,,,,,,,,,,,,,,,,,,,,,,,,,,,,,,,,,,,,,,,,,,,,,,,,,,,,,,,,,,,,,,,,,,,,,,,,,,,,,,,,,,,,,,,,,,,,,,,,,,,,,,,,,,,,,,,,
./testimage/test_rice3.png ./testimage/single/test_rice3.png ./testimage/test_chicken5.png ./testimage/single/test_chicken5.png ./testimage/test_croquette3.png ./testimage/single/test_croquette3.png ./testimage/single/compose73.png 0,,,,,,,,,,,,,,,,,,,,,,,,,,,,,,,,,,,,,,,,,,,,,,,,,,,,,,,,,,,,,,,,,,,,,,,,,,,,,,,,,,,,,,,,,,,,,,,,,,,,,,,,,,,,,,,,,,,,,,,,,,,,,,,,,,,,
./testimage/test_rice4.png ./testimage/single/test_rice4.png ./testimage/test_chicken5.png ./testimage/single/test_chicken5.png ./testimage/test_croquette3.png ./testimage/single/test_croquette3.png ./testimage/single/compose74.png 0,,,,,,,,,,,,,,,,,,,,,,,,,,,,,,,,,,,,,,,,,,,,,,,,,,,,,,,,,,,,,,,,,,,,,,,,,,,,,,,,,,,,,,,,,,,,,,,,,,,,,,,,,,,,,,,,,,,,,,,,,,,,,,,,,,,,
./testimage/test_rice5.png ./testimage/single/test_rice5.png ./testimage/test_chicken5.png ./testimage/single/test_chicken5.png ./testimage/test_croquette3.png ./testimage/single/test_croquette3.png ./testimage/single/compose75.png 0,,,,,,,,,,,,,,,,,,,,,,,,,,,,,,,,,,,,,,,,,,,,,,,,,,,,,,,,,,,,,,,,,,,,,,,,,,,,,,,,,,,,,,,,,,,,,,,,,,,,,,,,,,,,,,,,,,,,,,,,,,,,,,,,,,,,
./testimage/test_rice1.png ./testimage/single/test_rice1.png ./testimage/test_chicken1.png ./testimage/single/test_chicken1.png ./testimage/test_croquette4.png ./testimage/single/test_croquette4.png ./testimage/single/compose76.png 0,,,,,,,,,,,,,,,,,,,,,,,,,,,,,,,,,,,,,,,,,,,,,,,,,,,,,,,,,,,,,,,,,,,,,,,,,,,,,,,,,,,,,,,,,,,,,,,,,,,,,,,,,,,,,,,,,,,,,,,,,,,,,,,,,,,,
./testimage/test_rice2.png ./testimage/single/test_rice2.png ./testimage/test_chicken1.png ./testimage/single/test_chicken1.png ./testimage/test_croquette4.png ./testimage/single/test_croquette4.png ./testimage/single/compose77.png 0,,,,,,,,,,,,,,,,,,,,,,,,,,,,,,,,,,,,,,,,,,,,,,,,,,,,,,,,,,,,,,,,,,,,,,,,,,,,,,,,,,,,,,,,,,,,,,,,,,,,,,,,,,,,,,,,,,,,,,,,,,,,,,,,,,,,
./testimage/test_rice3.png ./testimage/single/test_rice3.png ./testimage/test_chicken1.png ./testimage/single/test_chicken1.png ./testimage/test_croquette4.png ./testimage/single/test_croquette4.png ./testimage/single/compose78.png 0,,,,,,,,,,,,,,,,,,,,,,,,,,,,,,,,,,,,,,,,,,,,,,,,,,,,,,,,,,,,,,,,,,,,,,,,,,,,,,,,,,,,,,,,,,,,,,,,,,,,,,,,,,,,,,,,,,,,,,,,,,,,,,,,,,,,
./testimage/test_rice4.png ./testimage/single/test_rice4.png ./testimage/test_chicken1.png ./testimage/single/test_chicken1.png ./testimage/test_croquette4.png ./testimage/single/test_croquette4.png ./testimage/single/compose79.png 0,,,,,,,,,,,,,,,,,,,,,,,,,,,,,,,,,,,,,,,,,,,,,,,,,,,,,,,,,,,,,,,,,,,,,,,,,,,,,,,,,,,,,,,,,,,,,,,,,,,,,,,,,,,,,,,,,,,,,,,,,,,,,,,,,,,,
./testimage/test_rice5.png ./testimage/single/test_rice5.png ./testimage/test_chicken1.png ./testimage/single/test_chicken1.png ./testimage/test_croquette4.png ./testimage/single/test_croquette4.png ./testimage/single/compose80.png 0,,,,,,,,,,,,,,,,,,,,,,,,,,,,,,,,,,,,,,,,,,,,,,,,,,,,,,,,,,,,,,,,,,,,,,,,,,,,,,,,,,,,,,,,,,,,,,,,,,,,,,,,,,,,,,,,,,,,,,,,,,,,,,,,,,,,
./testimage/test_rice1.png ./testimage/single/test_rice1.png ./testimage/test_chicken2.png ./testimage/single/test_chicken2.png ./testimage/test_croquette4.png ./testimage/single/test_croquette4.png ./testimage/single/compose81.png 0,,,,,,,,,,,,,,,,,,,,,,,,,,,,,,,,,,,,,,,,,,,,,,,,,,,,,,,,,,,,,,,,,,,,,,,,,,,,,,,,,,,,,,,,,,,,,,,,,,,,,,,,,,,,,,,,,,,,,,,,,,,,,,,,,,,,
./testimage/test_rice2.png ./testimage/single/test_rice2.png ./testimage/test_chicken2.png ./testimage/single/test_chicken2.png ./testimage/test_croquette4.png ./testimage/single/test_croquette4.png ./testimage/single/compose82.png 0,,,,,,,,,,,,,,,,,,,,,,,,,,,,,,,,,,,,,,,,,,,,,,,,,,,,,,,,,,,,,,,,,,,,,,,,,,,,,,,,,,,,,,,,,,,,,,,,,,,,,,,,,,,,,,,,,,,,,,,,,,,,,,,,,,,,
./testimage/test_rice3.png ./testimage/single/test_rice3.png ./testimage/test_chicken2.png ./testimage/single/test_chicken2.png ./testimage/test_croquette4.png ./testimage/single/test_croquette4.png ./testimage/single/compose83.png 0,,,,,,,,,,,,,,,,,,,,,,,,,,,,,,,,,,,,,,,,,,,,,,,,,,,,,,,,,,,,,,,,,,,,,,,,,,,,,,,,,,,,,,,,,,,,,,,,,,,,,,,,,,,,,,,,,,,,,,,,,,,,,,,,,,,,
./testimage/test_rice4.png ./testimage/single/test_rice4.png ./testimage/test_chicken2.png ./testimage/single/test_chicken2.png ./testimage/test_croquette4.png ./testimage/single/test_croquette4.png ./testimage/single/compose84.png 0,,,,,,,,,,,,,,,,,,,,,,,,,,,,,,,,,,,,,,,,,,,,,,,,,,,,,,,,,,,,,,,,,,,,,,,,,,,,,,,,,,,,,,,,,,,,,,,,,,,,,,,,,,,,,,,,,,,,,,,,,,,,,,,,,,,,
./testimage/test_rice5.png ./testimage/single/test_rice5.png ./testimage/test_chicken2.png ./testimage/single/test_chicken2.png ./testimage/test_croquette4.png ./testimage/single/test_croquette4.png ./testimage/single/compose85.png 0,,,,,,,,,,,,,,,,,,,,,,,,,,,,,,,,,,,,,,,,,,,,,,,,,,,,,,,,,,,,,,,,,,,,,,,,,,,,,,,,,,,,,,,,,,,,,,,,,,,,,,,,,,,,,,,,,,,,,,,,,,,,,,,,,,,,
./testimage/test_rice1.png ./testimage/single/test_rice1.png ./testimage/test_chicken3.png ./testimage/single/test_chicken3.png ./testimage/test_croquette4.png ./testimage/single/test_croquette4.png ./testimage/single/compose86.png 0,,,,,,,,,,,,,,,,,,,,,,,,,,,,,,,,,,,,,,,,,,,,,,,,,,,,,,,,,,,,,,,,,,,,,,,,,,,,,,,,,,,,,,,,,,,,,,,,,,,,,,,,,,,,,,,,,,,,,,,,,,,,,,,,,,,,
./testimage/test_rice2.png ./testimage/single/test_rice2.png ./testimage/test_chicken3.png ./testimage/single/test_chicken3.png ./testimage/test_croquette4.png ./testimage/single/test_croquette4.png ./testimage/single/compose87.png 0,,,,,,,,,,,,,,,,,,,,,,,,,,,,,,,,,,,,,,,,,,,,,,,,,,,,,,,,,,,,,,,,,,,,,,,,,,,,,,,,,,,,,,,,,,,,,,,,,,,,,,,,,,,,,,,,,,,,,,,,,,,,,,,,,,,,
./testimage/test_rice3.png ./testimage/single/test_rice3.png ./testimage/test_chicken3.png ./testimage/single/test_chicken3.png ./testimage/test_croquette4.png ./testimage/single/test_croquette4.png ./testimage/single/compose88.png 0,,,,,,,,,,,,,,,,,,,,,,,,,,,,,,,,,,,,,,,,,,,,,,,,,,,,,,,,,,,,,,,,,,,,,,,,,,,,,,,,,,,,,,,,,,,,,,,,,,,,,,,,,,,,,,,,,,,,,,,,,,,,,,,,,,,,
./testimage/test_rice4.png ./testimage/single/test_rice4.png ./testimage/test_chicken3.png ./testimage/single/test_chicken3.png ./testimage/test_croquette4.png ./testimage/single/test_croquette4.png ./testimage/single/compose89.png 0,,,,,,,,,,,,,,,,,,,,,,,,,,,,,,,,,,,,,,,,,,,,,,,,,,,,,,,,,,,,,,,,,,,,,,,,,,,,,,,,,,,,,,,,,,,,,,,,,,,,,,,,,,,,,,,,,,,,,,,,,,,,,,,,,,,,
./testimage/test_rice5.png ./testimage/single/test_rice5.png ./testimage/test_chicken3.png ./testimage/single/test_chicken3.png ./testimage/test_croquette4.png ./testimage/single/test_croquette4.png ./testimage/single/compose90.png 0,,,,,,,,,,,,,,,,,,,,,,,,,,,,,,,,,,,,,,,,,,,,,,,,,,,,,,,,,,,,,,,,,,,,,,,,,,,,,,,,,,,,,,,,,,,,,,,,,,,,,,,,,,,,,,,,,,,,,,,,,,,,,,,,,,,,
./testimage/test_rice1.png ./testimage/single/test_rice1.png ./testimage/test_chicken4.png ./testimage/single/test_chicken4.png ./testimage/test_croquette4.png ./testimage/single/test_croquette4.png ./testimage/single/compose91.png 0,,,,,,,,,,,,,,,,,,,,,,,,,,,,,,,,,,,,,,,,,,,,,,,,,,,,,,,,,,,,,,,,,,,,,,,,,,,,,,,,,,,,,,,,,,,,,,,,,,,,,,,,,,,,,,,,,,,,,,,,,,,,,,,,,,,,
./testimage/test_rice2.png ./testimage/single/test_rice2.png ./testimage/test_chicken4.png ./testimage/single/test_chicken4.png ./testimage/test_croquette4.png ./testimage/single/test_croquette4.png ./testimage/single/compose92.png 0,,,,,,,,,,,,,,,,,,,,,,,,,,,,,,,,,,,,,,,,,,,,,,,,,,,,,,,,,,,,,,,,,,,,,,,,,,,,,,,,,,,,,,,,,,,,,,,,,,,,,,,,,,,,,,,,,,,,,,,,,,,,,,,,,,,,
./testimage/test_rice3.png ./testimage/single/test_rice3.png ./testimage/test_chicken4.png ./testimage/single/test_chicken4.png ./testimage/test_croquette4.png ./testimage/single/test_croquette4.png ./testimage/single/compose93.png 0,,,,,,,,,,,,,,,,,,,,,,,,,,,,,,,,,,,,,,,,,,,,,,,,,,,,,,,,,,,,,,,,,,,,,,,,,,,,,,,,,,,,,,,,,,,,,,,,,,,,,,,,,,,,,,,,,,,,,,,,,,,,,,,,,,,,
./testimage/test_rice4.png ./testimage/single/test_rice4.png ./testimage/test_chicken4.png ./testimage/single/test_chicken4.png ./testimage/test_croquette4.png ./testimage/single/test_croquette4.png ./testimage/single/compose94.png 0,,,,,,,,,,,,,,,,,,,,,,,,,,,,,,,,,,,,,,,,,,,,,,,,,,,,,,,,,,,,,,,,,,,,,,,,,,,,,,,,,,,,,,,,,,,,,,,,,,,,,,,,,,,,,,,,,,,,,,,,,,,,,,,,,,,,
./testimage/test_rice5.png ./testimage/single/test_rice5.png ./testimage/test_chicken4.png ./testimage/single/test_chicken4.png ./testimage/test_croquette4.png ./testimage/single/test_croquette4.png ./testimage/single/compose95.png 0,,,,,,,,,,,,,,,,,,,,,,,,,,,,,,,,,,,,,,,,,,,,,,,,,,,,,,,,,,,,,,,,,,,,,,,,,,,,,,,,,,,,,,,,,,,,,,,,,,,,,,,,,,,,,,,,,,,,,,,,,,,,,,,,,,,,
./testimage/test_rice1.png ./testimage/single/test_rice1.png ./testimage/test_chicken5.png ./testimage/single/test_chicken5.png ./testimage/test_croquette4.png ./testimage/single/test_croquette4.png ./testimage/single/compose96.png 0,,,,,,,,,,,,,,,,,,,,,,,,,,,,,,,,,,,,,,,,,,,,,,,,,,,,,,,,,,,,,,,,,,,,,,,,,,,,,,,,,,,,,,,,,,,,,,,,,,,,,,,,,,,,,,,,,,,,,,,,,,,,,,,,,,,,
./testimage/test_rice2.png ./testimage/single/test_rice2.png ./testimage/test_chicken5.png ./testimage/single/test_chicken5.png ./testimage/test_croquette4.png ./testimage/single/test_croquette4.png ./testimage/single/compose97.png 0,,,,,,,,,,,,,,,,,,,,,,,,,,,,,,,,,,,,,,,,,,,,,,,,,,,,,,,,,,,,,,,,,,,,,,,,,,,,,,,,,,,,,,,,,,,,,,,,,,,,,,,,,,,,,,,,,,,,,,,,,,,,,,,,,,,,
./testimage/test_rice3.png ./testimage/single/test_rice3.png ./testimage/test_chicken5.png ./testimage/single/test_chicken5.png ./testimage/test_croquette4.png ./testimage/single/test_croquette4.png ./testimage/single/compose98.png 0,,,,,,,,,,,,,,,,,,,,,,,,,,,,,,,,,,,,,,,,,,,,,,,,,,,,,,,,,,,,,,,,,,,,,,,,,,,,,,,,,,,,,,,,,,,,,,,,,,,,,,,,,,,,,,,,,,,,,,,,,,,,,,,,,,,,
./testimage/test_rice4.png ./testimage/single/test_rice4.png ./testimage/test_chicken5.png ./testimage/single/test_chicken5.png ./testimage/test_croquette4.png ./testimage/single/test_croquette4.png ./testimage/single/compose99.png 0,,,,,,,,,,,,,,,,,,,,,,,,,,,,,,,,,,,,,,,,,,,,,,,,,,,,,,,,,,,,,,,,,,,,,,,,,,,,,,,,,,,,,,,,,,,,,,,,,,,,,,,,,,,,,,,,,,,,,,,,,,,,,,,,,,,,
./testimage/test_rice5.png ./testimage/single/test_rice5.png ./testimage/test_chicken5.png ./testimage/single/test_chicken5.png ./testimage/test_croquette4.png ./testimage/single/test_croquette4.png ./testimage/single/compose100.png 0,,,,,,,,,,,,,,,,,,,,,,,,,,,,,,,,,,,,,,,,,,,,,,,,,,,,,,,,,,,,,,,,,,,,,,,,,,,,,,,,,,,,,,,,,,,,,,,,,,,,,,,,,,,,,,,,,,,,,,,,,,,,,,,,,,,,
./testimage/test_rice1.png ./testimage/single/test_rice1.png ./testimage/test_chicken1.png ./testimage/single/test_chicken1.png ./testimage/test_croquette5.png ./testimage/single/test_croquette5.png ./testimage/single/compose101.png 0,,,,,,,,,,,,,,,,,,,,,,,,,,,,,,,,,,,,,,,,,,,,,,,,,,,,,,,,,,,,,,,,,,,,,,,,,,,,,,,,,,,,,,,,,,,,,,,,,,,,,,,,,,,,,,,,,,,,,,,,,,,,,,,,,,,,
./testimage/test_rice2.png ./testimage/single/test_rice2.png ./testimage/test_chicken1.png ./testimage/single/test_chicken1.png ./testimage/test_croquette5.png ./testimage/single/test_croquette5.png ./testimage/single/compose102.png 0,,,,,,,,,,,,,,,,,,,,,,,,,,,,,,,,,,,,,,,,,,,,,,,,,,,,,,,,,,,,,,,,,,,,,,,,,,,,,,,,,,,,,,,,,,,,,,,,,,,,,,,,,,,,,,,,,,,,,,,,,,,,,,,,,,,,
./testimage/test_rice3.png ./testimage/single/test_rice3.png ./testimage/test_chicken1.png ./testimage/single/test_chicken1.png ./testimage/test_croquette5.png ./testimage/single/test_croquette5.png ./testimage/single/compose103.png 0,,,,,,,,,,,,,,,,,,,,,,,,,,,,,,,,,,,,,,,,,,,,,,,,,,,,,,,,,,,,,,,,,,,,,,,,,,,,,,,,,,,,,,,,,,,,,,,,,,,,,,,,,,,,,,,,,,,,,,,,,,,,,,,,,,,,
./testimage/test_rice4.png ./testimage/single/test_rice4.png ./testimage/test_chicken1.png ./testimage/single/test_chicken1.png ./testimage/test_croquette5.png ./testimage/single/test_croquette5.png ./testimage/single/compose104.png 0,,,,,,,,,,,,,,,,,,,,,,,,,,,,,,,,,,,,,,,,,,,,,,,,,,,,,,,,,,,,,,,,,,,,,,,,,,,,,,,,,,,,,,,,,,,,,,,,,,,,,,,,,,,,,,,,,,,,,,,,,,,,,,,,,,,,
./testimage/test_rice5.png ./testimage/single/test_rice5.png ./testimage/test_chicken1.png ./testimage/single/test_chicken1.png ./testimage/test_croquette5.png ./testimage/single/test_croquette5.png ./testimage/single/compose105.png 0,,,,,,,,,,,,,,,,,,,,,,,,,,,,,,,,,,,,,,,,,,,,,,,,,,,,,,,,,,,,,,,,,,,,,,,,,,,,,,,,,,,,,,,,,,,,,,,,,,,,,,,,,,,,,,,,,,,,,,,,,,,,,,,,,,,,
./testimage/test_rice1.png ./testimage/single/test_rice1.png ./testimage/test_chicken2.png ./testimage/single/test_chicken2.png ./testimage/test_croquette5.png ./testimage/single/test_croquette5.png ./testimage/single/compose106.png 0,,,,,,,,,,,,,,,,,,,,,,,,,,,,,,,,,,,,,,,,,,,,,,,,,,,,,,,,,,,,,,,,,,,,,,,,,,,,,,,,,,,,,,,,,,,,,,,,,,,,,,,,,,,,,,,,,,,,,,,,,,,,,,,,,,,,
./testimage/test_rice2.png ./testimage/single/test_rice2.png ./testimage/test_chicken2.png ./testimage/single/test_chicken2.png ./testimage/test_croquette5.png ./testimage/single/test_croquette5.png ./testimage/single/compose107.png 0,,,,,,,,,,,,,,,,,,,,,,,,,,,,,,,,,,,,,,,,,,,,,,,,,,,,,,,,,,,,,,,,,,,,,,,,,,,,,,,,,,,,,,,,,,,,,,,,,,,,,,,,,,,,,,,,,,,,,,,,,,,,,,,,,,,,
./testimage/test_rice3.png ./testimage/single/test_rice3.png ./testimage/test_chicken2.png ./testimage/single/test_chicken2.png ./testimage/test_croquette5.png ./testimage/single/test_croquette5.png ./testimage/single/compose108.png 0,,,,,,,,,,,,,,,,,,,,,,,,,,,,,,,,,,,,,,,,,,,,,,,,,,,,,,,,,,,,,,,,,,,,,,,,,,,,,,,,,,,,,,,,,,,,,,,,,,,,,,,,,,,,,,,,,,,,,,,,,,,,,,,,,,,,
./testimage/test_rice4.png ./testimage/single/test_rice4.png ./testimage/test_chicken2.png ./testimage/single/test_chicken2.png ./testimage/test_croquette5.png ./testimage/single/test_croquette5.png ./testimage/single/compose109.png 0,,,,,,,,,,,,,,,,,,,,,,,,,,,,,,,,,,,,,,,,,,,,,,,,,,,,,,,,,,,,,,,,,,,,,,,,,,,,,,,,,,,,,,,,,,,,,,,,,,,,,,,,,,,,,,,,,,,,,,,,,,,,,,,,,,,,
./testimage/test_rice5.png ./testimage/single/test_rice5.png ./testimage/test_chicken2.png ./testimage/single/test_chicken2.png ./testimage/test_croquette5.png ./testimage/single/test_croquette5.png ./testimage/single/compose110.png 0,,,,,,,,,,,,,,,,,,,,,,,,,,,,,,,,,,,,,,,,,,,,,,,,,,,,,,,,,,,,,,,,,,,,,,,,,,,,,,,,,,,,,,,,,,,,,,,,,,,,,,,,,,,,,,,,,,,,,,,,,,,,,,,,,,,,
./testimage/test_rice1.png ./testimage/single/test_rice1.png ./testimage/test_chicken3.png ./testimage/single/test_chicken3.png ./testimage/test_croquette5.png ./testimage/single/test_croquette5.png ./testimage/single/compose111.png 0,,,,,,,,,,,,,,,,,,,,,,,,,,,,,,,,,,,,,,,,,,,,,,,,,,,,,,,,,,,,,,,,,,,,,,,,,,,,,,,,,,,,,,,,,,,,,,,,,,,,,,,,,,,,,,,,,,,,,,,,,,,,,,,,,,,,
./testimage/test_rice2.png ./testimage/single/test_rice2.png ./testimage/test_chicken3.png ./testimage/single/test_chicken3.png ./testimage/test_croquette5.png ./testimage/single/test_croquette5.png ./testimage/single/compose112.png 0,,,,,,,,,,,,,,,,,,,,,,,,,,,,,,,,,,,,,,,,,,,,,,,,,,,,,,,,,,,,,,,,,,,,,,,,,,,,,,,,,,,,,,,,,,,,,,,,,,,,,,,,,,,,,,,,,,,,,,,,,,,,,,,,,,,,
./testimage/test_rice3.png ./testimage/single/test_rice3.png ./testimage/test_chicken3.png ./testimage/single/test_chicken3.png ./testimage/test_croquette5.png ./testimage/single/test_croquette5.png ./testimage/single/compose113.png 0,,,,,,,,,,,,,,,,,,,,,,,,,,,,,,,,,,,,,,,,,,,,,,,,,,,,,,,,,,,,,,,,,,,,,,,,,,,,,,,,,,,,,,,,,,,,,,,,,,,,,,,,,,,,,,,,,,,,,,,,,,,,,,,,,,,,
./testimage/test_rice4.png ./testimage/single/test_rice4.png ./testimage/test_chicken3.png ./testimage/single/test_chicken3.png ./testimage/test_croquette5.png ./testimage/single/test_croquette5.png ./testimage/single/compose114.png 0,,,,,,,,,,,,,,,,,,,,,,,,,,,,,,,,,,,,,,,,,,,,,,,,,,,,,,,,,,,,,,,,,,,,,,,,,,,,,,,,,,,,,,,,,,,,,,,,,,,,,,,,,,,,,,,,,,,,,,,,,,,,,,,,,,,,
./testimage/test_rice5.png ./testimage/single/test_rice5.png ./testimage/test_chicken3.png ./testimage/single/test_chicken3.png ./testimage/test_croquette5.png ./testimage/single/test_croquette5.png ./testimage/single/compose115.png 0,,,,,,,,,,,,,,,,,,,,,,,,,,,,,,,,,,,,,,,,,,,,,,,,,,,,,,,,,,,,,,,,,,,,,,,,,,,,,,,,,,,,,,,,,,,,,,,,,,,,,,,,,,,,,,,,,,,,,,,,,,,,,,,,,,,,
./testimage/test_rice1.png ./testimage/single/test_rice1.png ./testimage/test_chicken4.png ./testimage/single/test_chicken4.png ./testimage/test_croquette5.png ./testimage/single/test_croquette5.png ./testimage/single/compose116.png 0,,,,,,,,,,,,,,,,,,,,,,,,,,,,,,,,,,,,,,,,,,,,,,,,,,,,,,,,,,,,,,,,,,,,,,,,,,,,,,,,,,,,,,,,,,,,,,,,,,,,,,,,,,,,,,,,,,,,,,,,,,,,,,,,,,,,
./testimage/test_rice2.png ./testimage/single/test_rice2.png ./testimage/test_chicken4.png ./testimage/single/test_chicken4.png ./testimage/test_croquette5.png ./testimage/single/test_croquette5.png ./testimage/single/compose117.png 0,,,,,,,,,,,,,,,,,,,,,,,,,,,,,,,,,,,,,,,,,,,,,,,,,,,,,,,,,,,,,,,,,,,,,,,,,,,,,,,,,,,,,,,,,,,,,,,,,,,,,,,,,,,,,,,,,,,,,,,,,,,,,,,,,,,,
./testimage/test_rice3.png ./testimage/single/test_rice3.png ./testimage/test_chicken4.png ./testimage/single/test_chicken4.png ./testimage/test_croquette5.png ./testimage/single/test_croquette5.png ./testimage/single/compose118.png 0,,,,,,,,,,,,,,,,,,,,,,,,,,,,,,,,,,,,,,,,,,,,,,,,,,,,,,,,,,,,,,,,,,,,,,,,,,,,,,,,,,,,,,,,,,,,,,,,,,,,,,,,,,,,,,,,,,,,,,,,,,,,,,,,,,,,
./testimage/test_rice4.png ./testimage/single/test_rice4.png ./testimage/test_chicken4.png ./testimage/single/test_chicken4.png ./testimage/test_croquette5.png ./testimage/single/test_croquette5.png ./testimage/single/compose119.png 0,,,,,,,,,,,,,,,,,,,,,,,,,,,,,,,,,,,,,,,,,,,,,,,,,,,,,,,,,,,,,,,,,,,,,,,,,,,,,,,,,,,,,,,,,,,,,,,,,,,,,,,,,,,,,,,,,,,,,,,,,,,,,,,,,,,,
./testimage/test_rice5.png ./testimage/single/test_rice5.png ./testimage/test_chicken4.png ./testimage/single/test_chicken4.png ./testimage/test_croquette5.png ./testimage/single/test_croquette5.png ./testimage/single/compose120.png 0,,,,,,,,,,,,,,,,,,,,,,,,,,,,,,,,,,,,,,,,,,,,,,,,,,,,,,,,,,,,,,,,,,,,,,,,,,,,,,,,,,,,,,,,,,,,,,,,,,,,,,,,,,,,,,,,,,,,,,,,,,,,,,,,,,,,
./testimage/test_rice1.png ./testimage/single/test_rice1.png ./testimage/test_chicken5.png ./testimage/single/test_chicken5.png ./testimage/test_croquette5.png ./testimage/single/test_croquette5.png ./testimage/single/compose121.png 0,,,,,,,,,,,,,,,,,,,,,,,,,,,,,,,,,,,,,,,,,,,,,,,,,,,,,,,,,,,,,,,,,,,,,,,,,,,,,,,,,,,,,,,,,,,,,,,,,,,,,,,,,,,,,,,,,,,,,,,,,,,,,,,,,,,,
./testimage/test_rice2.png ./testimage/single/test_rice2.png ./testimage/test_chicken5.png ./testimage/single/test_chicken5.png ./testimage/test_croquette5.png ./testimage/single/test_croquette5.png ./testimage/single/compose122.png 0,,,,,,,,,,,,,,,,,,,,,,,,,,,,,,,,,,,,,,,,,,,,,,,,,,,,,,,,,,,,,,,,,,,,,,,,,,,,,,,,,,,,,,,,,,,,,,,,,,,,,,,,,,,,,,,,,,,,,,,,,,,,,,,,,,,,
./testimage/test_rice3.png ./testimage/single/test_rice3.png ./testimage/test_chicken5.png ./testimage/single/test_chicken5.png ./testimage/test_croquette5.png ./testimage/single/test_croquette5.png ./testimage/single/compose123.png 0,,,,,,,,,,,,,,,,,,,,,,,,,,,,,,,,,,,,,,,,,,,,,,,,,,,,,,,,,,,,,,,,,,,,,,,,,,,,,,,,,,,,,,,,,,,,,,,,,,,,,,,,,,,,,,,,,,,,,,,,,,,,,,,,,,,,
./testimage/test_rice4.png ./testimage/single/test_rice4.png ./testimage/test_chicken5.png ./testimage/single/test_chicken5.png ./testimage/test_croquette5.png ./testimage/single/test_croquette5.png ./testimage/single/compose124.png 0,,,,,,,,,,,,,,,,,,,,,,,,,,,,,,,,,,,,,,,,,,,,,,,,,,,,,,,,,,,,,,,,,,,,,,,,,,,,,,,,,,,,,,,,,,,,,,,,,,,,,,,,,,,,,,,,,,,,,,,,,,,,,,,,,,,,
./testimage/test_rice5.png ./testimage/single/test_rice5.png ./testimage/test_chicken5.png ./testimage/single/test_chicken5.png ./testimage/test_croquette5.png ./testimage/single/test_croquette5.png ./testimage/single/compose125.png 0,,,,,,,,,,,,,,,,,,,,,,,,,,,,,,,,,,,,,,,,,,,,,,,,,,,,,,,,,,,,,,,,,,,,,,,,,,,,,,,,,,,,,,,,,,,,,,,,,,,,,,,,,,,,,,,,,,,,,,,,,,,,,,,,,,,,
./testimage/test_rice1.png ./testimage/single/test_rice1.png ./testimage/test_croquette1.png ./testimage/single/test_croquette1.png ./testimage/test_salmon1.png ./testimage/single/test_salmon1.png ./testimage/single/compose126.png 0,,,,,,,,,,,,,,,,,,,,,,,,,,,,,,,,,,,,,,,,,,,,,,,,,,,,,,,,,,,,,,,,,,,,,,,,,,,,,,,,,,,,,,,,,,,,,,,,,,,,,,,,,,,,,,,,,,,,,,,,,,,,,,,,,,,,
./testimage/test_rice2.png ./testimage/single/test_rice2.png ./testimage/test_croquette1.png ./testimage/single/test_croquette1.png ./testimage/test_salmon1.png ./testimage/single/test_salmon1.png ./testimage/single/compose127.png 1,,,,,,,,,,,,,,,,,,,,,,,,,,,,,,,,,,,,,,,,,,,,,,,,,,,,,,,,,,,,,,,,,,,,,,,,,,,,,,,,,,,,,,,,,,,,,,,,,,,,,,,,,,,,,,,,,,,,,,,,,,,,,,,,,,,,
./testimage/test_rice3.png ./testimage/single/test_rice3.png ./testimage/test_croquette1.png ./testimage/single/test_croquette1.png ./testimage/test_salmon1.png ./testimage/single/test_salmon1.png ./testimage/single/compose128.png 1,,,,,,,,,,,,,,,,,,,,,,,,,,,,,,,,,,,,,,,,,,,,,,,,,,,,,,,,,,,,,,,,,,,,,,,,,,,,,,,,,,,,,,,,,,,,,,,,,,,,,,,,,,,,,,,,,,,,,,,,,,,,,,,,,,,,
./testimage/test_rice4.png ./testimage/single/test_rice4.png ./testimage/test_croquette1.png ./testimage/single/test_croquette1.png ./testimage/test_salmon1.png ./testimage/single/test_salmon1.png ./testimage/single/compose129.png 1,,,,,,,,,,,,,,,,,,,,,,,,,,,,,,,,,,,,,,,,,,,,,,,,,,,,,,,,,,,,,,,,,,,,,,,,,,,,,,,,,,,,,,,,,,,,,,,,,,,,,,,,,,,,,,,,,,,,,,,,,,,,,,,,,,,,
./testimage/test_rice5.png ./testimage/single/test_rice5.png ./testimage/test_croquette1.png ./testimage/single/test_croquette1.png ./testimage/test_salmon1.png ./testimage/single/test_salmon1.png ./testimage/single/compose130.png 1,,,,,,,,,,,,,,,,,,,,,,,,,,,,,,,,,,,,,,,,,,,,,,,,,,,,,,,,,,,,,,,,,,,,,,,,,,,,,,,,,,,,,,,,,,,,,,,,,,,,,,,,,,,,,,,,,,,,,,,,,,,,,,,,,,,,
./testimage/test_rice1.png ./testimage/single/test_rice1.png ./testimage/test_croquette2.png ./testimage/single/test_croquette2.png ./testimage/test_salmon1.png ./testimage/single/test_salmon1.png ./testimage/single/compose131.png 1,,,,,,,,,,,,,,,,,,,,,,,,,,,,,,,,,,,,,,,,,,,,,,,,,,,,,,,,,,,,,,,,,,,,,,,,,,,,,,,,,,,,,,,,,,,,,,,,,,,,,,,,,,,,,,,,,,,,,,,,,,,,,,,,,,,,
./testimage/test_rice2.png ./testimage/single/test_rice2.png ./testimage/test_croquette2.png ./testimage/single/test_croquette2.png ./testimage/test_salmon1.png ./testimage/single/test_salmon1.png ./testimage/single/compose132.png 1,,,,,,,,,,,,,,,,,,,,,,,,,,,,,,,,,,,,,,,,,,,,,,,,,,,,,,,,,,,,,,,,,,,,,,,,,,,,,,,,,,,,,,,,,,,,,,,,,,,,,,,,,,,,,,,,,,,,,,,,,,,,,,,,,,,,
./testimage/test_rice3.png ./testimage/single/test_rice3.png ./testimage/test_croquette2.png ./testimage/single/test_croquette2.png ./testimage/test_salmon1.png ./testimage/single/test_salmon1.png ./testimage/single/compose133.png 1,,,,,,,,,,,,,,,,,,,,,,,,,,,,,,,,,,,,,,,,,,,,,,,,,,,,,,,,,,,,,,,,,,,,,,,,,,,,,,,,,,,,,,,,,,,,,,,,,,,,,,,,,,,,,,,,,,,,,,,,,,,,,,,,,,,,
./testimage/test_rice4.png ./testimage/single/test_rice4.png ./testimage/test_croquette2.png ./testimage/single/test_croquette2.png ./testimage/test_salmon1.png ./testimage/single/test_salmon1.png ./testimage/single/compose134.png 1,,,,,,,,,,,,,,,,,,,,,,,,,,,,,,,,,,,,,,,,,,,,,,,,,,,,,,,,,,,,,,,,,,,,,,,,,,,,,,,,,,,,,,,,,,,,,,,,,,,,,,,,,,,,,,,,,,,,,,,,,,,,,,,,,,,,
./testimage/test_rice5.png ./testimage/single/test_rice5.png ./testimage/test_croquette2.png ./testimage/single/test_croquette2.png ./testimage/test_salmon1.png ./testimage/single/test_salmon1.png ./testimage/single/compose135.png 1,,,,,,,,,,,,,,,,,,,,,,,,,,,,,,,,,,,,,,,,,,,,,,,,,,,,,,,,,,,,,,,,,,,,,,,,,,,,,,,,,,,,,,,,,,,,,,,,,,,,,,,,,,,,,,,,,,,,,,,,,,,,,,,,,,,,
./testimage/test_rice1.png ./testimage/single/test_rice1.png ./testimage/test_croquette3.png ./testimage/single/test_croquette3.png ./testimage/test_salmon1.png ./testimage/single/test_salmon1.png ./testimage/single/compose136.png 1,,,,,,,,,,,,,,,,,,,,,,,,,,,,,,,,,,,,,,,,,,,,,,,,,,,,,,,,,,,,,,,,,,,,,,,,,,,,,,,,,,,,,,,,,,,,,,,,,,,,,,,,,,,,,,,,,,,,,,,,,,,,,,,,,,,,
./testimage/test_rice2.png ./testimage/single/test_rice2.png ./testimage/test_croquette3.png ./testimage/single/test_croquette3.png ./testimage/test_salmon1.png ./testimage/single/test_salmon1.png ./testimage/single/compose137.png 1,,,,,,,,,,,,,,,,,,,,,,,,,,,,,,,,,,,,,,,,,,,,,,,,,,,,,,,,,,,,,,,,,,,,,,,,,,,,,,,,,,,,,,,,,,,,,,,,,,,,,,,,,,,,,,,,,,,,,,,,,,,,,,,,,,,,
./testimage/test_rice3.png ./testimage/single/test_rice3.png ./testimage/test_croquette3.png ./testimage/single/test_croquette3.png ./testimage/test_salmon1.png ./testimage/single/test_salmon1.png ./testimage/single/compose138.png 1,,,,,,,,,,,,,,,,,,,,,,,,,,,,,,,,,,,,,,,,,,,,,,,,,,,,,,,,,,,,,,,,,,,,,,,,,,,,,,,,,,,,,,,,,,,,,,,,,,,,,,,,,,,,,,,,,,,,,,,,,,,,,,,,,,,,
./testimage/test_rice4.png ./testimage/single/test_rice4.png ./testimage/test_croquette3.png ./testimage/single/test_croquette3.png ./testimage/test_salmon1.png ./testimage/single/test_salmon1.png ./testimage/single/compose139.png 1,,,,,,,,,,,,,,,,,,,,,,,,,,,,,,,,,,,,,,,,,,,,,,,,,,,,,,,,,,,,,,,,,,,,,,,,,,,,,,,,,,,,,,,,,,,,,,,,,,,,,,,,,,,,,,,,,,,,,,,,,,,,,,,,,,,,
./testimage/test_rice5.png ./testimage/single/test_rice5.png ./testimage/test_croquette3.png ./testimage/single/test_croquette3.png ./testimage/test_salmon1.png ./testimage/single/test_salmon1.png ./testimage/single/compose140.png 1,,,,,,,,,,,,,,,,,,,,,,,,,,,,,,,,,,,,,,,,,,,,,,,,,,,,,,,,,,,,,,,,,,,,,,,,,,,,,,,,,,,,,,,,,,,,,,,,,,,,,,,,,,,,,,,,,,,,,,,,,,,,,,,,,,,,
./testimage/test_rice1.png ./testimage/single/test_rice1.png ./testimage/test_croquette4.png ./testimage/single/test_croquette4.png ./testimage/test_salmon1.png ./testimage/single/test_salmon1.png ./testimage/single/compose141.png 1,,,,,,,,,,,,,,,,,,,,,,,,,,,,,,,,,,,,,,,,,,,,,,,,,,,,,,,,,,,,,,,,,,,,,,,,,,,,,,,,,,,,,,,,,,,,,,,,,,,,,,,,,,,,,,,,,,,,,,,,,,,,,,,,,,,,
./testimage/test_rice2.png ./testimage/single/test_rice2.png ./testimage/test_croquette4.png ./testimage/single/test_croquette4.png ./testimage/test_salmon1.png ./testimage/single/test_salmon1.png ./testimage/single/compose142.png 1,,,,,,,,,,,,,,,,,,,,,,,,,,,,,,,,,,,,,,,,,,,,,,,,,,,,,,,,,,,,,,,,,,,,,,,,,,,,,,,,,,,,,,,,,,,,,,,,,,,,,,,,,,,,,,,,,,,,,,,,,,,,,,,,,,,,
./testimage/test_rice3.png ./testimage/single/test_rice3.png ./testimage/test_croquette4.png ./testimage/single/test_croquette4.png ./testimage/test_salmon1.png ./testimage/single/test_salmon1.png ./testimage/single/compose143.png 1,,,,,,,,,,,,,,,,,,,,,,,,,,,,,,,,,,,,,,,,,,,,,,,,,,,,,,,,,,,,,,,,,,,,,,,,,,,,,,,,,,,,,,,,,,,,,,,,,,,,,,,,,,,,,,,,,,,,,,,,,,,,,,,,,,,,
./testimage/test_rice4.png ./testimage/single/test_rice4.png ./testimage/test_croquette4.png ./testimage/single/test_croquette4.png ./testimage/test_salmon1.png ./testimage/single/test_salmon1.png ./testimage/single/compose144.png 1,,,,,,,,,,,,,,,,,,,,,,,,,,,,,,,,,,,,,,,,,,,,,,,,,,,,,,,,,,,,,,,,,,,,,,,,,,,,,,,,,,,,,,,,,,,,,,,,,,,,,,,,,,,,,,,,,,,,,,,,,,,,,,,,,,,,
./testimage/test_rice5.png ./testimage/single/test_rice5.png ./testimage/test_croquette4.png ./testimage/single/test_croquette4.png ./testimage/test_salmon1.png ./testimage/single/test_salmon1.png ./testimage/single/compose145.png 1,,,,,,,,,,,,,,,,,,,,,,,,,,,,,,,,,,,,,,,,,,,,,,,,,,,,,,,,,,,,,,,,,,,,,,,,,,,,,,,,,,,,,,,,,,,,,,,,,,,,,,,,,,,,,,,,,,,,,,,,,,,,,,,,,,,,
./testimage/test_rice1.png ./testimage/single/test_rice1.png ./testimage/test_croquette5.png ./testimage/single/test_croquette5.png ./testimage/test_salmon1.png ./testimage/single/test_salmon1.png ./testimage/single/compose146.png 1,,,,,,,,,,,,,,,,,,,,,,,,,,,,,,,,,,,,,,,,,,,,,,,,,,,,,,,,,,,,,,,,,,,,,,,,,,,,,,,,,,,,,,,,,,,,,,,,,,,,,,,,,,,,,,,,,,,,,,,,,,,,,,,,,,,,
./testimage/test_rice2.png ./testimage/single/test_rice2.png ./testimage/test_croquette5.png ./testimage/single/test_croquette5.png ./testimage/test_salmon1.png ./testimage/single/test_salmon1.png ./testimage/single/compose147.png 1,,,,,,,,,,,,,,,,,,,,,,,,,,,,,,,,,,,,,,,,,,,,,,,,,,,,,,,,,,,,,,,,,,,,,,,,,,,,,,,,,,,,,,,,,,,,,,,,,,,,,,,,,,,,,,,,,,,,,,,,,,,,,,,,,,,,
./testimage/test_rice3.png ./testimage/single/test_rice3.png ./testimage/test_croquette5.png ./testimage/single/test_croquette5.png ./testimage/test_salmon1.png ./testimage/single/test_salmon1.png ./testimage/single/compose148.png 1,,,,,,,,,,,,,,,,,,,,,,,,,,,,,,,,,,,,,,,,,,,,,,,,,,,,,,,,,,,,,,,,,,,,,,,,,,,,,,,,,,,,,,,,,,,,,,,,,,,,,,,,,,,,,,,,,,,,,,,,,,,,,,,,,,,,
./testimage/test_rice4.png ./testimage/single/test_rice4.png ./testimage/test_croquette5.png ./testimage/single/test_croquette5.png ./testimage/test_salmon1.png ./testimage/single/test_salmon1.png ./testimage/single/compose149.png 1,,,,,,,,,,,,,,,,,,,,,,,,,,,,,,,,,,,,,,,,,,,,,,,,,,,,,,,,,,,,,,,,,,,,,,,,,,,,,,,,,,,,,,,,,,,,,,,,,,,,,,,,,,,,,,,,,,,,,,,,,,,,,,,,,,,,
./testimage/test_rice5.png ./testimage/single/test_rice5.png ./testimage/test_croquette5.png ./testimage/single/test_croquette5.png ./testimage/test_salmon1.png ./testimage/single/test_salmon1.png ./testimage/single/compose150.png 1,,,,,,,,,,,,,,,,,,,,,,,,,,,,,,,,,,,,,,,,,,,,,,,,,,,,,,,,,,,,,,,,,,,,,,,,,,,,,,,,,,,,,,,,,,,,,,,,,,,,,,,,,,,,,,,,,,,,,,,,,,,,,,,,,,,,
./testimage/test_rice1.png ./testimage/single/test_rice1.png ./testimage/test_croquette1.png ./testimage/single/test_croquette1.png ./testimage/test_salmon2.png ./testimage/single/test_salmon2.png ./testimage/single/compose151.png 1,,,,,,,,,,,,,,,,,,,,,,,,,,,,,,,,,,,,,,,,,,,,,,,,,,,,,,,,,,,,,,,,,,,,,,,,,,,,,,,,,,,,,,,,,,,,,,,,,,,,,,,,,,,,,,,,,,,,,,,,,,,,,,,,,,,,
./testimage/test_rice2.png ./testimage/single/test_rice2.png ./testimage/test_croquette1.png ./testimage/single/test_croquette1.png ./testimage/test_salmon2.png ./testimage/single/test_salmon2.png ./testimage/single/compose152.png 1,,,,,,,,,,,,,,,,,,,,,,,,,,,,,,,,,,,,,,,,,,,,,,,,,,,,,,,,,,,,,,,,,,,,,,,,,,,,,,,,,,,,,,,,,,,,,,,,,,,,,,,,,,,,,,,,,,,,,,,,,,,,,,,,,,,,
./testimage/test_rice3.png ./testimage/single/test_rice3.png ./testimage/test_croquette1.png ./testimage/single/test_croquette1.png ./testimage/test_salmon2.png ./testimage/single/test_salmon2.png ./testimage/single/compose153.png 1,,,,,,,,,,,,,,,,,,,,,,,,,,,,,,,,,,,,,,,,,,,,,,,,,,,,,,,,,,,,,,,,,,,,,,,,,,,,,,,,,,,,,,,,,,,,,,,,,,,,,,,,,,,,,,,,,,,,,,,,,,,,,,,,,,,,
./testimage/test_rice4.png ./testimage/single/test_rice4.png ./testimage/test_croquette1.png ./testimage/single/test_croquette1.png ./testimage/test_salmon2.png ./testimage/single/test_salmon2.png ./testimage/single/compose154.png 1,,,,,,,,,,,,,,,,,,,,,,,,,,,,,,,,,,,,,,,,,,,,,,,,,,,,,,,,,,,,,,,,,,,,,,,,,,,,,,,,,,,,,,,,,,,,,,,,,,,,,,,,,,,,,,,,,,,,,,,,,,,,,,,,,,,,
./testimage/test_rice5.png ./testimage/single/test_rice5.png ./testimage/test_croquette1.png ./testimage/single/test_croquette1.png ./testimage/test_salmon2.png ./testimage/single/test_salmon2.png ./testimage/single/compose155.png 1,,,,,,,,,,,,,,,,,,,,,,,,,,,,,,,,,,,,,,,,,,,,,,,,,,,,,,,,,,,,,,,,,,,,,,,,,,,,,,,,,,,,,,,,,,,,,,,,,,,,,,,,,,,,,,,,,,,,,,,,,,,,,,,,,,,,
./testimage/test_rice1.png ./testimage/single/test_rice1.png ./testimage/test_croquette2.png ./testimage/single/test_croquette2.png ./testimage/test_salmon2.png ./testimage/single/test_salmon2.png ./testimage/single/compose156.png 1,,,,,,,,,,,,,,,,,,,,,,,,,,,,,,,,,,,,,,,,,,,,,,,,,,,,,,,,,,,,,,,,,,,,,,,,,,,,,,,,,,,,,,,,,,,,,,,,,,,,,,,,,,,,,,,,,,,,,,,,,,,,,,,,,,,,
./testimage/test_rice2.png ./testimage/single/test_rice2.png ./testimage/test_croquette2.png ./testimage/single/test_croquette2.png ./testimage/test_salmon2.png ./testimage/single/test_salmon2.png ./testimage/single/compose157.png 1,,,,,,,,,,,,,,,,,,,,,,,,,,,,,,,,,,,,,,,,,,,,,,,,,,,,,,,,,,,,,,,,,,,,,,,,,,,,,,,,,,,,,,,,,,,,,,,,,,,,,,,,,,,,,,,,,,,,,,,,,,,,,,,,,,,,
./testimage/test_rice3.png ./testimage/single/test_rice3.png ./testimage/test_croquette2.png ./testimage/single/test_croquette2.png ./testimage/test_salmon2.png ./testimage/single/test_salmon2.png ./testimage/single/compose158.png 1,,,,,,,,,,,,,,,,,,,,,,,,,,,,,,,,,,,,,,,,,,,,,,,,,,,,,,,,,,,,,,,,,,,,,,,,,,,,,,,,,,,,,,,,,,,,,,,,,,,,,,,,,,,,,,,,,,,,,,,,,,,,,,,,,,,,
./testimage/test_rice4.png ./testimage/single/test_rice4.png ./testimage/test_croquette2.png ./testimage/single/test_croquette2.png ./testimage/test_salmon2.png ./testimage/single/test_salmon2.png ./testimage/single/compose159.png 1,,,,,,,,,,,,,,,,,,,,,,,,,,,,,,,,,,,,,,,,,,,,,,,,,,,,,,,,,,,,,,,,,,,,,,,,,,,,,,,,,,,,,,,,,,,,,,,,,,,,,,,,,,,,,,,,,,,,,,,,,,,,,,,,,,,,
./testimage/test_rice5.png ./testimage/single/test_rice5.png ./testimage/test_croquette2.png ./testimage/single/test_croquette2.png ./testimage/test_salmon2.png ./testimage/single/test_salmon2.png ./testimage/single/compose160.png 1,,,,,,,,,,,,,,,,,,,,,,,,,,,,,,,,,,,,,,,,,,,,,,,,,,,,,,,,,,,,,,,,,,,,,,,,,,,,,,,,,,,,,,,,,,,,,,,,,,,,,,,,,,,,,,,,,,,,,,,,,,,,,,,,,,,,
./testimage/test_rice1.png ./testimage/single/test_rice1.png ./testimage/test_croquette3.png ./testimage/single/test_croquette3.png ./testimage/test_salmon2.png ./testimage/single/test_salmon2.png ./testimage/single/compose161.png 1,,,,,,,,,,,,,,,,,,,,,,,,,,,,,,,,,,,,,,,,,,,,,,,,,,,,,,,,,,,,,,,,,,,,,,,,,,,,,,,,,,,,,,,,,,,,,,,,,,,,,,,,,,,,,,,,,,,,,,,,,,,,,,,,,,,,
./testimage/test_rice2.png ./testimage/single/test_rice2.png ./testimage/test_croquette3.png ./testimage/single/test_croquette3.png ./testimage/test_salmon2.png ./testimage/single/test_salmon2.png ./testimage/single/compose162.png 1,,,,,,,,,,,,,,,,,,,,,,,,,,,,,,,,,,,,,,,,,,,,,,,,,,,,,,,,,,,,,,,,,,,,,,,,,,,,,,,,,,,,,,,,,,,,,,,,,,,,,,,,,,,,,,,,,,,,,,,,,,,,,,,,,,,,
./testimage/test_rice3.png ./testimage/single/test_rice3.png ./testimage/test_croquette3.png ./testimage/single/test_croquette3.png ./testimage/test_salmon2.png ./testimage/single/test_salmon2.png ./testimage/single/compose163.png 1,,,,,,,,,,,,,,,,,,,,,,,,,,,,,,,,,,,,,,,,,,,,,,,,,,,,,,,,,,,,,,,,,,,,,,,,,,,,,,,,,,,,,,,,,,,,,,,,,,,,,,,,,,,,,,,,,,,,,,,,,,,,,,,,,,,,
./testimage/test_rice4.png ./testimage/single/test_rice4.png ./testimage/test_croquette3.png ./testimage/single/test_croquette3.png ./testimage/test_salmon2.png ./testimage/single/test_salmon2.png ./testimage/single/compose164.png 1,,,,,,,,,,,,,,,,,,,,,,,,,,,,,,,,,,,,,,,,,,,,,,,,,,,,,,,,,,,,,,,,,,,,,,,,,,,,,,,,,,,,,,,,,,,,,,,,,,,,,,,,,,,,,,,,,,,,,,,,,,,,,,,,,,,,
./testimage/test_rice5.png ./testimage/single/test_rice5.png ./testimage/test_croquette3.png ./testimage/single/test_croquette3.png ./testimage/test_salmon2.png ./testimage/single/test_salmon2.png ./testimage/single/compose165.png 1,,,,,,,,,,,,,,,,,,,,,,,,,,,,,,,,,,,,,,,,,,,,,,,,,,,,,,,,,,,,,,,,,,,,,,,,,,,,,,,,,,,,,,,,,,,,,,,,,,,,,,,,,,,,,,,,,,,,,,,,,,,,,,,,,,,,
./testimage/test_rice1.png ./testimage/single/test_rice1.png ./testimage/test_croquette4.png ./testimage/single/test_croquette4.png ./testimage/test_salmon2.png ./testimage/single/test_salmon2.png ./testimage/single/compose166.png 1,,,,,,,,,,,,,,,,,,,,,,,,,,,,,,,,,,,,,,,,,,,,,,,,,,,,,,,,,,,,,,,,,,,,,,,,,,,,,,,,,,,,,,,,,,,,,,,,,,,,,,,,,,,,,,,,,,,,,,,,,,,,,,,,,,,,
./testimage/test_rice2.png ./testimage/single/test_rice2.png ./testimage/test_croquette4.png ./testimage/single/test_croquette4.png ./testimage/test_salmon2.png ./testimage/single/test_salmon2.png ./testimage/single/compose167.png 1,,,,,,,,,,,,,,,,,,,,,,,,,,,,,,,,,,,,,,,,,,,,,,,,,,,,,,,,,,,,,,,,,,,,,,,,,,,,,,,,,,,,,,,,,,,,,,,,,,,,,,,,,,,,,,,,,,,,,,,,,,,,,,,,,,,,
./testimage/test_rice3.png ./testimage/single/test_rice3.png ./testimage/test_croquette4.png ./testimage/single/test_croquette4.png ./testimage/test_salmon2.png ./testimage/single/test_salmon2.png ./testimage/single/compose168.png 1,,,,,,,,,,,,,,,,,,,,,,,,,,,,,,,,,,,,,,,,,,,,,,,,,,,,,,,,,,,,,,,,,,,,,,,,,,,,,,,,,,,,,,,,,,,,,,,,,,,,,,,,,,,,,,,,,,,,,,,,,,,,,,,,,,,,
./testimage/test_rice4.png ./testimage/single/test_rice4.png ./testimage/test_croquette4.png ./testimage/single/test_croquette4.png ./testimage/test_salmon2.png ./testimage/single/test_salmon2.png ./testimage/single/compose169.png 1,,,,,,,,,,,,,,,,,,,,,,,,,,,,,,,,,,,,,,,,,,,,,,,,,,,,,,,,,,,,,,,,,,,,,,,,,,,,,,,,,,,,,,,,,,,,,,,,,,,,,,,,,,,,,,,,,,,,,,,,,,,,,,,,,,,,
./testimage/test_rice5.png ./testimage/single/test_rice5.png ./testimage/test_croquette4.png ./testimage/single/test_croquette4.png ./testimage/test_salmon2.png ./testimage/single/test_salmon2.png ./testimage/single/compose170.png 1,,,,,,,,,,,,,,,,,,,,,,,,,,,,,,,,,,,,,,,,,,,,,,,,,,,,,,,,,,,,,,,,,,,,,,,,,,,,,,,,,,,,,,,,,,,,,,,,,,,,,,,,,,,,,,,,,,,,,,,,,,,,,,,,,,,,
./testimage/test_rice1.png ./testimage/single/test_rice1.png ./testimage/test_croquette5.png ./testimage/single/test_croquette5.png ./testimage/test_salmon2.png ./testimage/single/test_salmon2.png ./testimage/single/compose171.png 1,,,,,,,,,,,,,,,,,,,,,,,,,,,,,,,,,,,,,,,,,,,,,,,,,,,,,,,,,,,,,,,,,,,,,,,,,,,,,,,,,,,,,,,,,,,,,,,,,,,,,,,,,,,,,,,,,,,,,,,,,,,,,,,,,,,,
./testimage/test_rice2.png ./testimage/single/test_rice2.png ./testimage/test_croquette5.png ./testimage/single/test_croquette5.png ./testimage/test_salmon2.png ./testimage/single/test_salmon2.png ./testimage/single/compose172.png 1,,,,,,,,,,,,,,,,,,,,,,,,,,,,,,,,,,,,,,,,,,,,,,,,,,,,,,,,,,,,,,,,,,,,,,,,,,,,,,,,,,,,,,,,,,,,,,,,,,,,,,,,,,,,,,,,,,,,,,,,,,,,,,,,,,,,
./testimage/test_rice3.png ./testimage/single/test_rice3.png ./testimage/test_croquette5.png ./testimage/single/test_croquette5.png ./testimage/test_salmon2.png ./testimage/single/test_salmon2.png ./testimage/single/compose173.png 1,,,,,,,,,,,,,,,,,,,,,,,,,,,,,,,,,,,,,,,,,,,,,,,,,,,,,,,,,,,,,,,,,,,,,,,,,,,,,,,,,,,,,,,,,,,,,,,,,,,,,,,,,,,,,,,,,,,,,,,,,,,,,,,,,,,,
./testimage/test_rice4.png ./testimage/single/test_rice4.png ./testimage/test_croquette5.png ./testimage/single/test_croquette5.png ./testimage/test_salmon2.png ./testimage/single/test_salmon2.png ./testimage/single/compose174.png 1,,,,,,,,,,,,,,,,,,,,,,,,,,,,,,,,,,,,,,,,,,,,,,,,,,,,,,,,,,,,,,,,,,,,,,,,,,,,,,,,,,,,,,,,,,,,,,,,,,,,,,,,,,,,,,,,,,,,,,,,,,,,,,,,,,,,
./testimage/test_rice5.png ./testimage/single/test_rice5.png ./testimage/test_croquette5.png ./testimage/single/test_croquette5.png ./testimage/test_salmon2.png ./testimage/single/test_salmon2.png ./testimage/single/compose175.png 1,,,,,,,,,,,,,,,,,,,,,,,,,,,,,,,,,,,,,,,,,,,,,,,,,,,,,,,,,,,,,,,,,,,,,,,,,,,,,,,,,,,,,,,,,,,,,,,,,,,,,,,,,,,,,,,,,,,,,,,,,,,,,,,,,,,,
./testimage/test_rice1.png ./testimage/single/test_rice1.png ./testimage/test_croquette1.png ./testimage/single/test_croquette1.png ./testimage/test_salmon3.png ./testimage/single/test_salmon3.png ./testimage/single/compose176.png 1,,,,,,,,,,,,,,,,,,,,,,,,,,,,,,,,,,,,,,,,,,,,,,,,,,,,,,,,,,,,,,,,,,,,,,,,,,,,,,,,,,,,,,,,,,,,,,,,,,,,,,,,,,,,,,,,,,,,,,,,,,,,,,,,,,,,
./testimage/test_rice2.png ./testimage/single/test_rice2.png ./testimage/test_croquette1.png ./testimage/single/test_croquette1.png ./testimage/test_salmon3.png ./testimage/single/test_salmon3.png ./testimage/single/compose177.png 1,,,,,,,,,,,,,,,,,,,,,,,,,,,,,,,,,,,,,,,,,,,,,,,,,,,,,,,,,,,,,,,,,,,,,,,,,,,,,,,,,,,,,,,,,,,,,,,,,,,,,,,,,,,,,,,,,,,,,,,,,,,,,,,,,,,,
./testimage/test_rice3.png ./testimage/single/test_rice3.png ./testimage/test_croquette1.png ./testimage/single/test_croquette1.png ./testimage/test_salmon3.png ./testimage/single/test_salmon3.png ./testimage/single/compose178.png 1,,,,,,,,,,,,,,,,,,,,,,,,,,,,,,,,,,,,,,,,,,,,,,,,,,,,,,,,,,,,,,,,,,,,,,,,,,,,,,,,,,,,,,,,,,,,,,,,,,,,,,,,,,,,,,,,,,,,,,,,,,,,,,,,,,,,
./testimage/test_rice4.png ./testimage/single/test_rice4.png ./testimage/test_croquette1.png ./testimage/single/test_croquette1.png ./testimage/test_salmon3.png ./testimage/single/test_salmon3.png ./testimage/single/compose179.png 1,,,,,,,,,,,,,,,,,,,,,,,,,,,,,,,,,,,,,,,,,,,,,,,,,,,,,,,,,,,,,,,,,,,,,,,,,,,,,,,,,,,,,,,,,,,,,,,,,,,,,,,,,,,,,,,,,,,,,,,,,,,,,,,,,,,,
./testimage/test_rice5.png ./testimage/single/test_rice5.png ./testimage/test_croquette1.png ./testimage/single/test_croquette1.png ./testimage/test_salmon3.png ./testimage/single/test_salmon3.png ./testimage/single/compose180.png 1,,,,,,,,,,,,,,,,,,,,,,,,,,,,,,,,,,,,,,,,,,,,,,,,,,,,,,,,,,,,,,,,,,,,,,,,,,,,,,,,,,,,,,,,,,,,,,,,,,,,,,,,,,,,,,,,,,,,,,,,,,,,,,,,,,,,
./testimage/test_rice1.png ./testimage/single/test_rice1.png ./testimage/test_croquette2.png ./testimage/single/test_croquette2.png ./testimage/test_salmon3.png ./testimage/single/test_salmon3.png ./testimage/single/compose181.png 1,,,,,,,,,,,,,,,,,,,,,,,,,,,,,,,,,,,,,,,,,,,,,,,,,,,,,,,,,,,,,,,,,,,,,,,,,,,,,,,,,,,,,,,,,,,,,,,,,,,,,,,,,,,,,,,,,,,,,,,,,,,,,,,,,,,,
./testimage/test_rice2.png ./testimage/single/test_rice2.png ./testimage/test_croquette2.png ./testimage/single/test_croquette2.png ./testimage/test_salmon3.png ./testimage/single/test_salmon3.png ./testimage/single/compose182.png 1,,,,,,,,,,,,,,,,,,,,,,,,,,,,,,,,,,,,,,,,,,,,,,,,,,,,,,,,,,,,,,,,,,,,,,,,,,,,,,,,,,,,,,,,,,,,,,,,,,,,,,,,,,,,,,,,,,,,,,,,,,,,,,,,,,,,
./testimage/test_rice3.png ./testimage/single/test_rice3.png ./testimage/test_croquette2.png ./testimage/single/test_croquette2.png ./testimage/test_salmon3.png ./testimage/single/test_salmon3.png ./testimage/single/compose183.png 1,,,,,,,,,,,,,,,,,,,,,,,,,,,,,,,,,,,,,,,,,,,,,,,,,,,,,,,,,,,,,,,,,,,,,,,,,,,,,,,,,,,,,,,,,,,,,,,,,,,,,,,,,,,,,,,,,,,,,,,,,,,,,,,,,,,,
./testimage/test_rice4.png ./testimage/single/test_rice4.png ./testimage/test_croquette2.png ./testimage/single/test_croquette2.png ./testimage/test_salmon3.png ./testimage/single/test_salmon3.png ./testimage/single/compose184.png 1,,,,,,,,,,,,,,,,,,,,,,,,,,,,,,,,,,,,,,,,,,,,,,,,,,,,,,,,,,,,,,,,,,,,,,,,,,,,,,,,,,,,,,,,,,,,,,,,,,,,,,,,,,,,,,,,,,,,,,,,,,,,,,,,,,,,
./testimage/test_rice5.png ./testimage/single/test_rice5.png ./testimage/test_croquette2.png ./testimage/single/test_croquette2.png ./testimage/test_salmon3.png ./testimage/single/test_salmon3.png ./testimage/single/compose185.png 1,,,,,,,,,,,,,,,,,,,,,,,,,,,,,,,,,,,,,,,,,,,,,,,,,,,,,,,,,,,,,,,,,,,,,,,,,,,,,,,,,,,,,,,,,,,,,,,,,,,,,,,,,,,,,,,,,,,,,,,,,,,,,,,,,,,,
./testimage/test_rice1.png ./testimage/single/test_rice1.png ./testimage/test_croquette3.png ./testimage/single/test_croquette3.png ./testimage/test_salmon3.png ./testimage/single/test_salmon3.png ./testimage/single/compose186.png 1,,,,,,,,,,,,,,,,,,,,,,,,,,,,,,,,,,,,,,,,,,,,,,,,,,,,,,,,,,,,,,,,,,,,,,,,,,,,,,,,,,,,,,,,,,,,,,,,,,,,,,,,,,,,,,,,,,,,,,,,,,,,,,,,,,,,
./testimage/test_rice2.png ./testimage/single/test_rice2.png ./testimage/test_croquette3.png ./testimage/single/test_croquette3.png ./testimage/test_salmon3.png ./testimage/single/test_salmon3.png ./testimage/single/compose187.png 1,,,,,,,,,,,,,,,,,,,,,,,,,,,,,,,,,,,,,,,,,,,,,,,,,,,,,,,,,,,,,,,,,,,,,,,,,,,,,,,,,,,,,,,,,,,,,,,,,,,,,,,,,,,,,,,,,,,,,,,,,,,,,,,,,,,,
./testimage/test_rice3.png ./testimage/single/test_rice3.png ./testimage/test_croquette3.png ./testimage/single/test_croquette3.png ./testimage/test_salmon3.png ./testimage/single/test_salmon3.png ./testimage/single/compose188.png 1,,,,,,,,,,,,,,,,,,,,,,,,,,,,,,,,,,,,,,,,,,,,,,,,,,,,,,,,,,,,,,,,,,,,,,,,,,,,,,,,,,,,,,,,,,,,,,,,,,,,,,,,,,,,,,,,,,,,,,,,,,,,,,,,,,,,
./testimage/test_rice4.png ./testimage/single/test_rice4.png ./testimage/test_croquette3.png ./testimage/single/test_croquette3.png ./testimage/test_salmon3.png ./testimage/single/test_salmon3.png ./testimage/single/compose189.png 1,,,,,,,,,,,,,,,,,,,,,,,,,,,,,,,,,,,,,,,,,,,,,,,,,,,,,,,,,,,,,,,,,,,,,,,,,,,,,,,,,,,,,,,,,,,,,,,,,,,,,,,,,,,,,,,,,,,,,,,,,,,,,,,,,,,,
./testimage/test_rice5.png ./testimage/single/test_rice5.png ./testimage/test_croquette3.png ./testimage/single/test_croquette3.png ./testimage/test_salmon3.png ./testimage/single/test_salmon3.png ./testimage/single/compose190.png 1,,,,,,,,,,,,,,,,,,,,,,,,,,,,,,,,,,,,,,,,,,,,,,,,,,,,,,,,,,,,,,,,,,,,,,,,,,,,,,,,,,,,,,,,,,,,,,,,,,,,,,,,,,,,,,,,,,,,,,,,,,,,,,,,,,,,
./testimage/test_rice1.png ./testimage/single/test_rice1.png ./testimage/test_croquette4.png ./testimage/single/test_croquette4.png ./testimage/test_salmon3.png ./testimage/single/test_salmon3.png ./testimage/single/compose191.png 1,,,,,,,,,,,,,,,,,,,,,,,,,,,,,,,,,,,,,,,,,,,,,,,,,,,,,,,,,,,,,,,,,,,,,,,,,,,,,,,,,,,,,,,,,,,,,,,,,,,,,,,,,,,,,,,,,,,,,,,,,,,,,,,,,,,,
./testimage/test_rice2.png ./testimage/single/test_rice2.png ./testimage/test_croquette4.png ./testimage/single/test_croquette4.png ./testimage/test_salmon3.png ./testimage/single/test_salmon3.png ./testimage/single/compose192.png 1,,,,,,,,,,,,,,,,,,,,,,,,,,,,,,,,,,,,,,,,,,,,,,,,,,,,,,,,,,,,,,,,,,,,,,,,,,,,,,,,,,,,,,,,,,,,,,,,,,,,,,,,,,,,,,,,,,,,,,,,,,,,,,,,,,,,
./testimage/test_rice3.png ./testimage/single/test_rice3.png ./testimage/test_croquette4.png ./testimage/single/test_croquette4.png ./testimage/test_salmon3.png ./testimage/single/test_salmon3.png ./testimage/single/compose193.png 1,,,,,,,,,,,,,,,,,,,,,,,,,,,,,,,,,,,,,,,,,,,,,,,,,,,,,,,,,,,,,,,,,,,,,,,,,,,,,,,,,,,,,,,,,,,,,,,,,,,,,,,,,,,,,,,,,,,,,,,,,,,,,,,,,,,,
./testimage/test_rice4.png ./testimage/single/test_rice4.png ./testimage/test_croquette4.png ./testimage/single/test_croquette4.png ./testimage/test_salmon3.png ./testimage/single/test_salmon3.png ./testimage/single/compose194.png 1,,,,,,,,,,,,,,,,,,,,,,,,,,,,,,,,,,,,,,,,,,,,,,,,,,,,,,,,,,,,,,,,,,,,,,,,,,,,,,,,,,,,,,,,,,,,,,,,,,,,,,,,,,,,,,,,,,,,,,,,,,,,,,,,,,,,
./testimage/test_rice5.png ./testimage/single/test_rice5.png ./testimage/test_croquette4.png ./testimage/single/test_croquette4.png ./testimage/test_salmon3.png ./testimage/single/test_salmon3.png ./testimage/single/compose195.png 1,,,,,,,,,,,,,,,,,,,,,,,,,,,,,,,,,,,,,,,,,,,,,,,,,,,,,,,,,,,,,,,,,,,,,,,,,,,,,,,,,,,,,,,,,,,,,,,,,,,,,,,,,,,,,,,,,,,,,,,,,,,,,,,,,,,,
./testimage/test_rice1.png ./testimage/single/test_rice1.png ./testimage/test_croquette5.png ./testimage/single/test_croquette5.png ./testimage/test_salmon3.png ./testimage/single/test_salmon3.png ./testimage/single/compose196.png 1,,,,,,,,,,,,,,,,,,,,,,,,,,,,,,,,,,,,,,,,,,,,,,,,,,,,,,,,,,,,,,,,,,,,,,,,,,,,,,,,,,,,,,,,,,,,,,,,,,,,,,,,,,,,,,,,,,,,,,,,,,,,,,,,,,,,
./testimage/test_rice2.png ./testimage/single/test_rice2.png ./testimage/test_croquette5.png ./testimage/single/test_croquette5.png ./testimage/test_salmon3.png ./testimage/single/test_salmon3.png ./testimage/single/compose197.png 1,,,,,,,,,,,,,,,,,,,,,,,,,,,,,,,,,,,,,,,,,,,,,,,,,,,,,,,,,,,,,,,,,,,,,,,,,,,,,,,,,,,,,,,,,,,,,,,,,,,,,,,,,,,,,,,,,,,,,,,,,,,,,,,,,,,,
./testimage/test_rice3.png ./testimage/single/test_rice3.png ./testimage/test_croquette5.png ./testimage/single/test_croquette5.png ./testimage/test_salmon3.png ./testimage/single/test_salmon3.png ./testimage/single/compose198.png 1,,,,,,,,,,,,,,,,,,,,,,,,,,,,,,,,,,,,,,,,,,,,,,,,,,,,,,,,,,,,,,,,,,,,,,,,,,,,,,,,,,,,,,,,,,,,,,,,,,,,,,,,,,,,,,,,,,,,,,,,,,,,,,,,,,,,
./testimage/test_rice4.png ./testimage/single/test_rice4.png ./testimage/test_croquette5.png ./testimage/single/test_croquette5.png ./testimage/test_salmon3.png ./testimage/single/test_salmon3.png ./testimage/single/compose199.png 1,,,,,,,,,,,,,,,,,,,,,,,,,,,,,,,,,,,,,,,,,,,,,,,,,,,,,,,,,,,,,,,,,,,,,,,,,,,,,,,,,,,,,,,,,,,,,,,,,,,,,,,,,,,,,,,,,,,,,,,,,,,,,,,,,,,,
./testimage/test_rice5.png ./testimage/single/test_rice5.png ./testimage/test_croquette5.png ./testimage/single/test_croquette5.png ./testimage/test_salmon3.png ./testimage/single/test_salmon3.png ./testimage/single/compose200.png 1,,,,,,,,,,,,,,,,,,,,,,,,,,,,,,,,,,,,,,,,,,,,,,,,,,,,,,,,,,,,,,,,,,,,,,,,,,,,,,,,,,,,,,,,,,,,,,,,,,,,,,,,,,,,,,,,,,,,,,,,,,,,,,,,,,,,
./testimage/test_rice1.png ./testimage/single/test_rice1.png ./testimage/test_croquette1.png ./testimage/single/test_croquette1.png ./testimage/test_salmon4.png ./testimage/single/test_salmon4.png ./testimage/single/compose201.png 1,,,,,,,,,,,,,,,,,,,,,,,,,,,,,,,,,,,,,,,,,,,,,,,,,,,,,,,,,,,,,,,,,,,,,,,,,,,,,,,,,,,,,,,,,,,,,,,,,,,,,,,,,,,,,,,,,,,,,,,,,,,,,,,,,,,,
./testimage/test_rice2.png ./testimage/single/test_rice2.png ./testimage/test_croquette1.png ./testimage/single/test_croquette1.png ./testimage/test_salmon4.png ./testimage/single/test_salmon4.png ./testimage/single/compose202.png 1,,,,,,,,,,,,,,,,,,,,,,,,,,,,,,,,,,,,,,,,,,,,,,,,,,,,,,,,,,,,,,,,,,,,,,,,,,,,,,,,,,,,,,,,,,,,,,,,,,,,,,,,,,,,,,,,,,,,,,,,,,,,,,,,,,,,
./testimage/test_rice3.png ./testimage/single/test_rice3.png ./testimage/test_croquette1.png ./testimage/single/test_croquette1.png ./testimage/test_salmon4.png ./testimage/single/test_salmon4.png ./testimage/single/compose203.png 1,,,,,,,,,,,,,,,,,,,,,,,,,,,,,,,,,,,,,,,,,,,,,,,,,,,,,,,,,,,,,,,,,,,,,,,,,,,,,,,,,,,,,,,,,,,,,,,,,,,,,,,,,,,,,,,,,,,,,,,,,,,,,,,,,,,,
./testimage/test_rice4.png ./testimage/single/test_rice4.png ./testimage/test_croquette1.png ./testimage/single/test_croquette1.png ./testimage/test_salmon4.png ./testimage/single/test_salmon4.png ./testimage/single/compose204.png 1,,,,,,,,,,,,,,,,,,,,,,,,,,,,,,,,,,,,,,,,,,,,,,,,,,,,,,,,,,,,,,,,,,,,,,,,,,,,,,,,,,,,,,,,,,,,,,,,,,,,,,,,,,,,,,,,,,,,,,,,,,,,,,,,,,,,
./testimage/test_rice5.png ./testimage/single/test_rice5.png ./testimage/test_croquette1.png ./testimage/single/test_croquette1.png ./testimage/test_salmon4.png ./testimage/single/test_salmon4.png ./testimage/single/compose205.png 1,,,,,,,,,,,,,,,,,,,,,,,,,,,,,,,,,,,,,,,,,,,,,,,,,,,,,,,,,,,,,,,,,,,,,,,,,,,,,,,,,,,,,,,,,,,,,,,,,,,,,,,,,,,,,,,,,,,,,,,,,,,,,,,,,,,,
./testimage/test_rice1.png ./testimage/single/test_rice1.png ./testimage/test_croquette2.png ./testimage/single/test_croquette2.png ./testimage/test_salmon4.png ./testimage/single/test_salmon4.png ./testimage/single/compose206.png 1,,,,,,,,,,,,,,,,,,,,,,,,,,,,,,,,,,,,,,,,,,,,,,,,,,,,,,,,,,,,,,,,,,,,,,,,,,,,,,,,,,,,,,,,,,,,,,,,,,,,,,,,,,,,,,,,,,,,,,,,,,,,,,,,,,,,
./testimage/test_rice2.png ./testimage/single/test_rice2.png ./testimage/test_croquette2.png ./testimage/single/test_croquette2.png ./testimage/test_salmon4.png ./testimage/single/test_salmon4.png ./testimage/single/compose207.png 1,,,,,,,,,,,,,,,,,,,,,,,,,,,,,,,,,,,,,,,,,,,,,,,,,,,,,,,,,,,,,,,,,,,,,,,,,,,,,,,,,,,,,,,,,,,,,,,,,,,,,,,,,,,,,,,,,,,,,,,,,,,,,,,,,,,,
./testimage/test_rice3.png ./testimage/single/test_rice3.png ./testimage/test_croquette2.png ./testimage/single/test_croquette2.png ./testimage/test_salmon4.png ./testimage/single/test_salmon4.png ./testimage/single/compose208.png 1,,,,,,,,,,,,,,,,,,,,,,,,,,,,,,,,,,,,,,,,,,,,,,,,,,,,,,,,,,,,,,,,,,,,,,,,,,,,,,,,,,,,,,,,,,,,,,,,,,,,,,,,,,,,,,,,,,,,,,,,,,,,,,,,,,,,
./testimage/test_rice4.png ./testimage/single/test_rice4.png ./testimage/test_croquette2.png ./testimage/single/test_croquette2.png ./testimage/test_salmon4.png ./testimage/single/test_salmon4.png ./testimage/single/compose209.png 1,,,,,,,,,,,,,,,,,,,,,,,,,,,,,,,,,,,,,,,,,,,,,,,,,,,,,,,,,,,,,,,,,,,,,,,,,,,,,,,,,,,,,,,,,,,,,,,,,,,,,,,,,,,,,,,,,,,,,,,,,,,,,,,,,,,,
./testimage/test_rice5.png ./testimage/single/test_rice5.png ./testimage/test_croquette2.png ./testimage/single/test_croquette2.png ./testimage/test_salmon4.png ./testimage/single/test_salmon4.png ./testimage/single/compose210.png 1,,,,,,,,,,,,,,,,,,,,,,,,,,,,,,,,,,,,,,,,,,,,,,,,,,,,,,,,,,,,,,,,,,,,,,,,,,,,,,,,,,,,,,,,,,,,,,,,,,,,,,,,,,,,,,,,,,,,,,,,,,,,,,,,,,,,
./testimage/test_rice1.png ./testimage/single/test_rice1.png ./testimage/test_croquette3.png ./testimage/single/test_croquette3.png ./testimage/test_salmon4.png ./testimage/single/test_salmon4.png ./testimage/single/compose211.png 1,,,,,,,,,,,,,,,,,,,,,,,,,,,,,,,,,,,,,,,,,,,,,,,,,,,,,,,,,,,,,,,,,,,,,,,,,,,,,,,,,,,,,,,,,,,,,,,,,,,,,,,,,,,,,,,,,,,,,,,,,,,,,,,,,,,,
./testimage/test_rice2.png ./testimage/single/test_rice2.png ./testimage/test_croquette3.png ./testimage/single/test_croquette3.png ./testimage/test_salmon4.png ./testimage/single/test_salmon4.png ./testimage/single/compose212.png 1,,,,,,,,,,,,,,,,,,,,,,,,,,,,,,,,,,,,,,,,,,,,,,,,,,,,,,,,,,,,,,,,,,,,,,,,,,,,,,,,,,,,,,,,,,,,,,,,,,,,,,,,,,,,,,,,,,,,,,,,,,,,,,,,,,,,
./testimage/test_rice3.png ./testimage/single/test_rice3.png ./testimage/test_croquette3.png ./testimage/single/test_croquette3.png ./testimage/test_salmon4.png ./testimage/single/test_salmon4.png ./testimage/single/compose213.png 1,,,,,,,,,,,,,,,,,,,,,,,,,,,,,,,,,,,,,,,,,,,,,,,,,,,,,,,,,,,,,,,,,,,,,,,,,,,,,,,,,,,,,,,,,,,,,,,,,,,,,,,,,,,,,,,,,,,,,,,,,,,,,,,,,,,,
./testimage/test_rice4.png ./testimage/single/test_rice4.png ./testimage/test_croquette3.png ./testimage/single/test_croquette3.png ./testimage/test_salmon4.png ./testimage/single/test_salmon4.png ./testimage/single/compose214.png 1,,,,,,,,,,,,,,,,,,,,,,,,,,,,,,,,,,,,,,,,,,,,,,,,,,,,,,,,,,,,,,,,,,,,,,,,,,,,,,,,,,,,,,,,,,,,,,,,,,,,,,,,,,,,,,,,,,,,,,,,,,,,,,,,,,,,
./testimage/test_rice5.png ./testimage/single/test_rice5.png ./testimage/test_croquette3.png ./testimage/single/test_croquette3.png ./testimage/test_salmon4.png ./testimage/single/test_salmon4.png ./testimage/single/compose215.png 1,,,,,,,,,,,,,,,,,,,,,,,,,,,,,,,,,,,,,,,,,,,,,,,,,,,,,,,,,,,,,,,,,,,,,,,,,,,,,,,,,,,,,,,,,,,,,,,,,,,,,,,,,,,,,,,,,,,,,,,,,,,,,,,,,,,,
./testimage/test_rice1.png ./testimage/single/test_rice1.png ./testimage/test_croquette4.png ./testimage/single/test_croquette4.png ./testimage/test_salmon4.png ./testimage/single/test_salmon4.png ./testimage/single/compose216.png 1,,,,,,,,,,,,,,,,,,,,,,,,,,,,,,,,,,,,,,,,,,,,,,,,,,,,,,,,,,,,,,,,,,,,,,,,,,,,,,,,,,,,,,,,,,,,,,,,,,,,,,,,,,,,,,,,,,,,,,,,,,,,,,,,,,,,
./testimage/test_rice2.png ./testimage/single/test_rice2.png ./testimage/test_croquette4.png ./testimage/single/test_croquette4.png ./testimage/test_salmon4.png ./testimage/single/test_salmon4.png ./testimage/single/compose217.png 1,,,,,,,,,,,,,,,,,,,,,,,,,,,,,,,,,,,,,,,,,,,,,,,,,,,,,,,,,,,,,,,,,,,,,,,,,,,,,,,,,,,,,,,,,,,,,,,,,,,,,,,,,,,,,,,,,,,,,,,,,,,,,,,,,,,,
./testimage/test_rice3.png ./testimage/single/test_rice3.png ./testimage/test_croquette4.png ./testimage/single/test_croquette4.png ./testimage/test_salmon4.png ./testimage/single/test_salmon4.png ./testimage/single/compose218.png 1,,,,,,,,,,,,,,,,,,,,,,,,,,,,,,,,,,,,,,,,,,,,,,,,,,,,,,,,,,,,,,,,,,,,,,,,,,,,,,,,,,,,,,,,,,,,,,,,,,,,,,,,,,,,,,,,,,,,,,,,,,,,,,,,,,,,
./testimage/test_rice4.png ./testimage/single/test_rice4.png ./testimage/test_croquette4.png ./testimage/single/test_croquette4.png ./testimage/test_salmon4.png ./testimage/single/test_salmon4.png ./testimage/single/compose219.png 1,,,,,,,,,,,,,,,,,,,,,,,,,,,,,,,,,,,,,,,,,,,,,,,,,,,,,,,,,,,,,,,,,,,,,,,,,,,,,,,,,,,,,,,,,,,,,,,,,,,,,,,,,,,,,,,,,,,,,,,,,,,,,,,,,,,,
./testimage/test_rice5.png ./testimage/single/test_rice5.png ./testimage/test_croquette4.png ./testimage/single/test_croquette4.png ./testimage/test_salmon4.png ./testimage/single/test_salmon4.png ./testimage/single/compose220.png 1,,,,,,,,,,,,,,,,,,,,,,,,,,,,,,,,,,,,,,,,,,,,,,,,,,,,,,,,,,,,,,,,,,,,,,,,,,,,,,,,,,,,,,,,,,,,,,,,,,,,,,,,,,,,,,,,,,,,,,,,,,,,,,,,,,,,
./testimage/test_rice1.png ./testimage/single/test_rice1.png ./testimage/test_croquette5.png ./testimage/single/test_croquette5.png ./testimage/test_salmon4.png ./testimage/single/test_salmon4.png ./testimage/single/compose221.png 1,,,,,,,,,,,,,,,,,,,,,,,,,,,,,,,,,,,,,,,,,,,,,,,,,,,,,,,,,,,,,,,,,,,,,,,,,,,,,,,,,,,,,,,,,,,,,,,,,,,,,,,,,,,,,,,,,,,,,,,,,,,,,,,,,,,,
./testimage/test_rice2.png ./testimage/single/test_rice2.png ./testimage/test_croquette5.png ./testimage/single/test_croquette5.png ./testimage/test_salmon4.png ./testimage/single/test_salmon4.png ./testimage/single/compose222.png 1,,,,,,,,,,,,,,,,,,,,,,,,,,,,,,,,,,,,,,,,,,,,,,,,,,,,,,,,,,,,,,,,,,,,,,,,,,,,,,,,,,,,,,,,,,,,,,,,,,,,,,,,,,,,,,,,,,,,,,,,,,,,,,,,,,,,
./testimage/test_rice3.png ./testimage/single/test_rice3.png ./testimage/test_croquette5.png ./testimage/single/test_croquette5.png ./testimage/test_salmon4.png ./testimage/single/test_salmon4.png ./testimage/single/compose223.png 1,,,,,,,,,,,,,,,,,,,,,,,,,,,,,,,,,,,,,,,,,,,,,,,,,,,,,,,,,,,,,,,,,,,,,,,,,,,,,,,,,,,,,,,,,,,,,,,,,,,,,,,,,,,,,,,,,,,,,,,,,,,,,,,,,,,,
./testimage/test_rice4.png ./testimage/single/test_rice4.png ./testimage/test_croquette5.png ./testimage/single/test_croquette5.png ./testimage/test_salmon4.png ./testimage/single/test_salmon4.png ./testimage/single/compose224.png 1,,,,,,,,,,,,,,,,,,,,,,,,,,,,,,,,,,,,,,,,,,,,,,,,,,,,,,,,,,,,,,,,,,,,,,,,,,,,,,,,,,,,,,,,,,,,,,,,,,,,,,,,,,,,,,,,,,,,,,,,,,,,,,,,,,,,
./testimage/test_rice5.png ./testimage/single/test_rice5.png ./testimage/test_croquette5.png ./testimage/single/test_croquette5.png ./testimage/test_salmon4.png ./testimage/single/test_salmon4.png ./testimage/single/compose225.png 1,,,,,,,,,,,,,,,,,,,,,,,,,,,,,,,,,,,,,,,,,,,,,,,,,,,,,,,,,,,,,,,,,,,,,,,,,,,,,,,,,,,,,,,,,,,,,,,,,,,,,,,,,,,,,,,,,,,,,,,,,,,,,,,,,,,,
./testimage/test_rice1.png ./testimage/single/test_rice1.png ./testimage/test_croquette1.png ./testimage/single/test_croquette1.png ./testimage/test_salmon5.png ./testimage/single/test_salmon5.png ./testimage/single/compose226.png 1,,,,,,,,,,,,,,,,,,,,,,,,,,,,,,,,,,,,,,,,,,,,,,,,,,,,,,,,,,,,,,,,,,,,,,,,,,,,,,,,,,,,,,,,,,,,,,,,,,,,,,,,,,,,,,,,,,,,,,,,,,,,,,,,,,,,
./testimage/test_rice2.png ./testimage/single/test_rice2.png ./testimage/test_croquette1.png ./testimage/single/test_croquette1.png ./testimage/test_salmon5.png ./testimage/single/test_salmon5.png ./testimage/single/compose227.png 1,,,,,,,,,,,,,,,,,,,,,,,,,,,,,,,,,,,,,,,,,,,,,,,,,,,,,,,,,,,,,,,,,,,,,,,,,,,,,,,,,,,,,,,,,,,,,,,,,,,,,,,,,,,,,,,,,,,,,,,,,,,,,,,,,,,,
./testimage/test_rice3.png ./testimage/single/test_rice3.png ./testimage/test_croquette1.png ./testimage/single/test_croquette1.png ./testimage/test_salmon5.png ./testimage/single/test_salmon5.png ./testimage/single/compose228.png 1,,,,,,,,,,,,,,,,,,,,,,,,,,,,,,,,,,,,,,,,,,,,,,,,,,,,,,,,,,,,,,,,,,,,,,,,,,,,,,,,,,,,,,,,,,,,,,,,,,,,,,,,,,,,,,,,,,,,,,,,,,,,,,,,,,,,
./testimage/test_rice4.png ./testimage/single/test_rice4.png ./testimage/test_croquette1.png ./testimage/single/test_croquette1.png ./testimage/test_salmon5.png ./testimage/single/test_salmon5.png ./testimage/single/compose229.png 1,,,,,,,,,,,,,,,,,,,,,,,,,,,,,,,,,,,,,,,,,,,,,,,,,,,,,,,,,,,,,,,,,,,,,,,,,,,,,,,,,,,,,,,,,,,,,,,,,,,,,,,,,,,,,,,,,,,,,,,,,,,,,,,,,,,,
./testimage/test_rice5.png ./testimage/single/test_rice5.png ./testimage/test_croquette1.png ./testimage/single/test_croquette1.png ./testimage/test_salmon5.png ./testimage/single/test_salmon5.png ./testimage/single/compose230.png 1,,,,,,,,,,,,,,,,,,,,,,,,,,,,,,,,,,,,,,,,,,,,,,,,,,,,,,,,,,,,,,,,,,,,,,,,,,,,,,,,,,,,,,,,,,,,,,,,,,,,,,,,,,,,,,,,,,,,,,,,,,,,,,,,,,,,
./testimage/test_rice1.png ./testimage/single/test_rice1.png ./testimage/test_croquette2.png ./testimage/single/test_croquette2.png ./testimage/test_salmon5.png ./testimage/single/test_salmon5.png ./testimage/single/compose231.png 1,,,,,,,,,,,,,,,,,,,,,,,,,,,,,,,,,,,,,,,,,,,,,,,,,,,,,,,,,,,,,,,,,,,,,,,,,,,,,,,,,,,,,,,,,,,,,,,,,,,,,,,,,,,,,,,,,,,,,,,,,,,,,,,,,,,,
./testimage/test_rice2.png ./testimage/single/test_rice2.png ./testimage/test_croquette2.png ./testimage/single/test_croquette2.png ./testimage/test_salmon5.png ./testimage/single/test_salmon5.png ./testimage/single/compose232.png 1,,,,,,,,,,,,,,,,,,,,,,,,,,,,,,,,,,,,,,,,,,,,,,,,,,,,,,,,,,,,,,,,,,,,,,,,,,,,,,,,,,,,,,,,,,,,,,,,,,,,,,,,,,,,,,,,,,,,,,,,,,,,,,,,,,,,
./testimage/test_rice3.png ./testimage/single/test_rice3.png ./testimage/test_croquette2.png ./testimage/single/test_croquette2.png ./testimage/test_salmon5.png ./testimage/single/test_salmon5.png ./testimage/single/compose233.png 1,,,,,,,,,,,,,,,,,,,,,,,,,,,,,,,,,,,,,,,,,,,,,,,,,,,,,,,,,,,,,,,,,,,,,,,,,,,,,,,,,,,,,,,,,,,,,,,,,,,,,,,,,,,,,,,,,,,,,,,,,,,,,,,,,,,,
./testimage/test_rice4.png ./testimage/single/test_rice4.png ./testimage/test_croquette2.png ./testimage/single/test_croquette2.png ./testimage/test_salmon5.png ./testimage/single/test_salmon5.png ./testimage/single/compose234.png 1,,,,,,,,,,,,,,,,,,,,,,,,,,,,,,,,,,,,,,,,,,,,,,,,,,,,,,,,,,,,,,,,,,,,,,,,,,,,,,,,,,,,,,,,,,,,,,,,,,,,,,,,,,,,,,,,,,,,,,,,,,,,,,,,,,,,
./testimage/test_rice5.png ./testimage/single/test_rice5.png ./testimage/test_croquette2.png ./testimage/single/test_croquette2.png ./testimage/test_salmon5.png ./testimage/single/test_salmon5.png ./testimage/single/compose235.png 1,,,,,,,,,,,,,,,,,,,,,,,,,,,,,,,,,,,,,,,,,,,,,,,,,,,,,,,,,,,,,,,,,,,,,,,,,,,,,,,,,,,,,,,,,,,,,,,,,,,,,,,,,,,,,,,,,,,,,,,,,,,,,,,,,,,,
./testimage/test_rice1.png ./testimage/single/test_rice1.png ./testimage/test_croquette3.png ./testimage/single/test_croquette3.png ./testimage/test_salmon5.png ./testimage/single/test_salmon5.png ./testimage/single/compose236.png 1,,,,,,,,,,,,,,,,,,,,,,,,,,,,,,,,,,,,,,,,,,,,,,,,,,,,,,,,,,,,,,,,,,,,,,,,,,,,,,,,,,,,,,,,,,,,,,,,,,,,,,,,,,,,,,,,,,,,,,,,,,,,,,,,,,,,
./testimage/test_rice2.png ./testimage/single/test_rice2.png ./testimage/test_croquette3.png ./testimage/single/test_croquette3.png ./testimage/test_salmon5.png ./testimage/single/test_salmon5.png ./testimage/single/compose237.png 1,,,,,,,,,,,,,,,,,,,,,,,,,,,,,,,,,,,,,,,,,,,,,,,,,,,,,,,,,,,,,,,,,,,,,,,,,,,,,,,,,,,,,,,,,,,,,,,,,,,,,,,,,,,,,,,,,,,,,,,,,,,,,,,,,,,,
./testimage/test_rice3.png ./testimage/single/test_rice3.png ./testimage/test_croquette3.png ./testimage/single/test_croquette3.png ./testimage/test_salmon5.png ./testimage/single/test_salmon5.png ./testimage/single/compose238.png 1,,,,,,,,,,,,,,,,,,,,,,,,,,,,,,,,,,,,,,,,,,,,,,,,,,,,,,,,,,,,,,,,,,,,,,,,,,,,,,,,,,,,,,,,,,,,,,,,,,,,,,,,,,,,,,,,,,,,,,,,,,,,,,,,,,,,
./testimage/test_rice4.png ./testimage/single/test_rice4.png ./testimage/test_croquette3.png ./testimage/single/test_croquette3.png ./testimage/test_salmon5.png ./testimage/single/test_salmon5.png ./testimage/single/compose239.png 1,,,,,,,,,,,,,,,,,,,,,,,,,,,,,,,,,,,,,,,,,,,,,,,,,,,,,,,,,,,,,,,,,,,,,,,,,,,,,,,,,,,,,,,,,,,,,,,,,,,,,,,,,,,,,,,,,,,,,,,,,,,,,,,,,,,,
./testimage/test_rice5.png ./testimage/single/test_rice5.png ./testimage/test_croquette3.png ./testimage/single/test_croquette3.png ./testimage/test_salmon5.png ./testimage/single/test_salmon5.png ./testimage/single/compose240.png 1,,,,,,,,,,,,,,,,,,,,,,,,,,,,,,,,,,,,,,,,,,,,,,,,,,,,,,,,,,,,,,,,,,,,,,,,,,,,,,,,,,,,,,,,,,,,,,,,,,,,,,,,,,,,,,,,,,,,,,,,,,,,,,,,,,,,
./testimage/test_rice1.png ./testimage/single/test_rice1.png ./testimage/test_croquette4.png ./testimage/single/test_croquette4.png ./testimage/test_salmon5.png ./testimage/single/test_salmon5.png ./testimage/single/compose241.png 1,,,,,,,,,,,,,,,,,,,,,,,,,,,,,,,,,,,,,,,,,,,,,,,,,,,,,,,,,,,,,,,,,,,,,,,,,,,,,,,,,,,,,,,,,,,,,,,,,,,,,,,,,,,,,,,,,,,,,,,,,,,,,,,,,,,,
./testimage/test_rice2.png ./testimage/single/test_rice2.png ./testimage/test_croquette4.png ./testimage/single/test_croquette4.png ./testimage/test_salmon5.png ./testimage/single/test_salmon5.png ./testimage/single/compose242.png 1,,,,,,,,,,,,,,,,,,,,,,,,,,,,,,,,,,,,,,,,,,,,,,,,,,,,,,,,,,,,,,,,,,,,,,,,,,,,,,,,,,,,,,,,,,,,,,,,,,,,,,,,,,,,,,,,,,,,,,,,,,,,,,,,,,,,
./testimage/test_rice3.png ./testimage/single/test_rice3.png ./testimage/test_croquette4.png ./testimage/single/test_croquette4.png ./testimage/test_salmon5.png ./testimage/single/test_salmon5.png ./testimage/single/compose243.png 1,,,,,,,,,,,,,,,,,,,,,,,,,,,,,,,,,,,,,,,,,,,,,,,,,,,,,,,,,,,,,,,,,,,,,,,,,,,,,,,,,,,,,,,,,,,,,,,,,,,,,,,,,,,,,,,,,,,,,,,,,,,,,,,,,,,,
./testimage/test_rice4.png ./testimage/single/test_rice4.png ./testimage/test_croquette4.png ./testimage/single/test_croquette4.png ./testimage/test_salmon5.png ./testimage/single/test_salmon5.png ./testimage/single/compose244.png 1,,,,,,,,,,,,,,,,,,,,,,,,,,,,,,,,,,,,,,,,,,,,,,,,,,,,,,,,,,,,,,,,,,,,,,,,,,,,,,,,,,,,,,,,,,,,,,,,,,,,,,,,,,,,,,,,,,,,,,,,,,,,,,,,,,,,
./testimage/test_rice5.png ./testimage/single/test_rice5.png ./testimage/test_croquette4.png ./testimage/single/test_croquette4.png ./testimage/test_salmon5.png ./testimage/single/test_salmon5.png ./testimage/single/compose245.png 1,,,,,,,,,,,,,,,,,,,,,,,,,,,,,,,,,,,,,,,,,,,,,,,,,,,,,,,,,,,,,,,,,,,,,,,,,,,,,,,,,,,,,,,,,,,,,,,,,,,,,,,,,,,,,,,,,,,,,,,,,,,,,,,,,,,,
./testimage/test_rice1.png ./testimage/single/test_rice1.png ./testimage/test_croquette5.png ./testimage/single/test_croquette5.png ./testimage/test_salmon5.png ./testimage/single/test_salmon5.png ./testimage/single/compose246.png 1,,,,,,,,,,,,,,,,,,,,,,,,,,,,,,,,,,,,,,,,,,,,,,,,,,,,,,,,,,,,,,,,,,,,,,,,,,,,,,,,,,,,,,,,,,,,,,,,,,,,,,,,,,,,,,,,,,,,,,,,,,,,,,,,,,,,
./testimage/test_rice2.png ./testimage/single/test_rice2.png ./testimage/test_croquette5.png ./testimage/single/test_croquette5.png ./testimage/test_salmon5.png ./testimage/single/test_salmon5.png ./testimage/single/compose247.png 1,,,,,,,,,,,,,,,,,,,,,,,,,,,,,,,,,,,,,,,,,,,,,,,,,,,,,,,,,,,,,,,,,,,,,,,,,,,,,,,,,,,,,,,,,,,,,,,,,,,,,,,,,,,,,,,,,,,,,,,,,,,,,,,,,,,,
./testimage/test_rice3.png ./testimage/single/test_rice3.png ./testimage/test_croquette5.png ./testimage/single/test_croquette5.png ./testimage/test_salmon5.png ./testimage/single/test_salmon5.png ./testimage/single/compose248.png 1,,,,,,,,,,,,,,,,,,,,,,,,,,,,,,,,,,,,,,,,,,,,,,,,,,,,,,,,,,,,,,,,,,,,,,,,,,,,,,,,,,,,,,,,,,,,,,,,,,,,,,,,,,,,,,,,,,,,,,,,,,,,,,,,,,,,
./testimage/test_rice4.png ./testimage/single/test_rice4.png ./testimage/test_croquette5.png ./testimage/single/test_croquette5.png ./testimage/test_salmon5.png ./testimage/single/test_salmon5.png ./testimage/single/compose249.png 1,,,,,,,,,,,,,,,,,,,,,,,,,,,,,,,,,,,,,,,,,,,,,,,,,,,,,,,,,,,,,,,,,,,,,,,,,,,,,,,,,,,,,,,,,,,,,,,,,,,,,,,,,,,,,,,,,,,,,,,,,,,,,,,,,,,,
./testimage/test_rice5.png ./testimage/single/test_rice5.png ./testimage/test_croquette5.png ./testimage/single/test_croquette5.png ./testimage/test_salmon5.png ./testimage/single/test_salmon5.png ./testimage/single/compose250.png 1,,,,,,,,,,,,,,,,,,,,,,,,,,,,,,,,,,,,,,,,,,,,,,,,,,,,,,,,,,,,,,,,,,,,,,,,,,,,,,,,,,,,,,,,,,,,,,,,,,,,,,,,,,,,,,,,,,,,,,,,,,,,,,,,,,,,
